لمحاربة	el rokaa	0.00010461232900253997
الإلهية	combination	0.25844848419613137
تجارب	around it	0.06191791377639275
ساعدت	explaining	0.00031521653831161604
الدنمارك	to manage	0.42653453926969587
الأرثوذكس	grape	0.9128743698167634
شيث	house of representatives	0.41279572551005556
بدأ	but he	0.08334378782247669
ويطلق	in cairo	0.14570920417982872
يشكل	horse	0.38636555692031616
سمي	instect	0.052122947368326136
تدخين	many	0.3157033364152566
لدول	of triangles	0.5627881482706273
تحصل	colour	0.1880930174550513
خليفة	dead	0.2846425593825027
بقتل	the mechanics	0.010466285032819147
الطيران	letter	0.3899192731243935
مقر	presidents classification	0.2076846198140745
الأزهر	specially	0.4537844341827093
فازت	its importance	0.2216942293971802
تحوّل	how much	0.4312801287592731
بتهمة	to study	0.1904530088506564
وأربعين	caroline	0.9434765253222299
التعداد	a story	0.0444963055153366
مهنة	for the significance	0.2372606525587197
جبال	albeit	0.9402565280629178
وسقوط	formula	0.33335849237651927
استنادًا	to stop	0.023256376930962698
الضوئية	decisions	0.07617689519271718
لوقف	other	0.21947861000320426
مياه	offering	0.18212775587547034
الأساسية	replace	0.025567095355731633
غسق	nerves	0.02926140688842586
ومنذ	polytheism	0.02315503347493745
النبيذ	mostafa	0.1702217970681016
طهران	for armed	0.16417770437322085
ألدهيد	nervous	0.30023007372866617
قبرص	tubes	0.07679367673336414
اختلافات	warm up	0.054412091797015144
المجردة	sulphonamides	0.30356068437381
مسلمة	benzoine / in estrogen	0.12289777599992749
الماء	his opinion	0.5140742947904612
الأطباء	guevara	0.7411158598988262
السلاطين	el-koufa	0.1163720372200259
لغتهم	milky way	1.0
عينيه	bicuspid	0.24290113208691394
المفاهيم	and returning	0.3621450115202231
جيداً	year	0.7286526115027624
قصيرة	to petrol	1.0
الواسع	eshibitions	0.4706025863838473
