كيميائية	episcop	0.8724359429579086
باكستان	organele	0.403678280602381
المهدي	limitele	0.04178456814229177
الرهبان	luncă	0.11235590032282158
لكي	evenimentul	0.35625354178767216
البلوغ	vorbit	0.04801438857015717
كامب	treime	0.28385865652280506
أخته	iordania	0.6583927555147066
رجع	site	0.10478372363373173
المزارعين	eduard	0.607673774071875
ألكيل	permită	0.07344421708995703
والآلات	folosință	0.005805229303233828
مضخم	regiune	0.3649072067867923
الاختبار	militari	0.6674159660715856
والجنوب	proprietăți	0.3801914130439623
مشهد	uniunii	0.5111010113124521
الأمطار	pereche	0.609572899887169
بسيطة	tu	0.10194715814387284
أني	filmelor	0.07307909294106188
الفنانين	vieții	0.025665637743297953
العلاقات	responsabile	0.01662079847413721
الفنية	concursul	0.0005340661224930642
تصبح	senat	0.5575517582146347
والتدريب	familiile	0.08551984275658188
الصلبة	habsburgic	0.0843228981427605
وتكوين	strâns	0.11895804685342795
الجوائز	melodia	0.16951700369917344
أعدائه	înconjurător	0.22426516410283048
ينظر	granițelor	0.010223055499694062
والدول	frate	0.0762505072666998
الأمام	brâncovenesc	0.37941838878358586
المفاعلات	mașina	0.21182871142052861
متى	fluviului	0.09205286734306639
معروفة	mormântul	0.3620343743182819
وإعلان	printro	0.0810980792349355
الانفجار	restul	0.6154182628195333
اليه	meridionali	0.11015158178743288
قدرته	lacului	0.4563325196056214
الفصائل	vechime	0.03045543733289714
رجم	liberal	0.15760900072013778
النهائية	răsăritene	0.01957131711363654
لبث	soluție	0.2312868320804235
العفو	colecții	0.06589890680322602
خاصةً	câmpuri	0.10773412619954988
الاتصالات	procesului	0.2623401191432608
ونشر	ceremonia	0.22386895475031696
فبعد	prefectura	0.6692571002668602
الفرعية	reprezentanților	0.10652802480267343
آمون	determinată	0.01123499943376522
تتسم	învață	0.11995793126768543
