soccupe	konsey	0.19346110005070508
légendes	dörtte	0.23643994182528608
lindique	çocuklara	0.5643735306919551
dira	illeri	0.2421520396229473
manière	iskoç	0.3019936761571431
mis	inorganik	0.10476546896904326
acquérir	mora	0.23425080340307625
autriche	yapısında	0.22132788893339608
lassemblée	tohum	0.5991060665950739
doù	oyuncuları	0.2531863998558109
revolution	su	0.16862636734465095
rendant	tuttu	0.18394337741855396
ibn	insanların	0.060389363721391344
jardin	sürgün	0.903887210872825
jacob	te	0.36774987606050313
hindoue	kulübün	0.37050736878390345
entraînent	selanik	0.5631090869295118
comté	tarihten	0.68177874873609
tellement	şiddet	8.465370685985684e-05
franco	konusudur	0.2706002993799099
hitchcock	fikirleri	0.6771053863684404
village	tümüyle	0.5887314583830794
motown	türünün	0.2635835830551024
droit	ayakkabı	0.6885253811956278
rencontrent	bitki	0.4375015206524284
italiens	gösteri	0.1616934507464446
romain	akın	0.6319833906865119
retourne	haftada	0.4522509742185872
craint	müziğin	0.014319203784372122
trame	köprüsü	0.9505577157596838
relativement	tigin	0.02717387852331663
marshall	eleştirisi	0.5985831076546178
durera	radar	0.01535400379077466
dizaines	düşünülmektedir	0.25182816213676723
limites	forma	0.4871266772459079
méridionale	rahmi	0.23999285243410068
impérial	projesinde	0.07902497110204448
bateaux	gaziantep	0.5936375912918106
considérables	başlı	0.11114420240936032
mark	yüzeyde	0.06499524911859932
monastères	ortak	0.7286561528365245
force	resim	0.11500187997632433
ultime	mayalar	0.0979765189608944
laider	çekilmiş	0.14913396666989742
dîner	katkıları	0.49302178740755864
ferme	batısında	0.409183246819549
coût	istiklâl	0.9355709101561759
lère	çalışmaktadır	0.002555572291124625
cadres	nedenler	0.385922026266729
réalités	takımı	0.9437680517808504
