$	0.44409066	16
=	0.57857656	64
a	0.28025877	9
ab	0.52485836	18
abandon	0.359786	25
abandonne	0.41419718	57
abandonner	0.40304452	72
abandonné	0.3920158	66
abandonnée	0.45723397	61
abandonnés	0.45360574	60
abc	0.45177126	8
abd	0.37125742	6
abondante	0.37306058	70
aborde	0.47902116	68
aborigènes	0.4286592	80
abou	0.5235685	68
about	0.12848082	2
abouti	0.30540994	11
aboutir	0.48137084	60
aboutit	0.33239517	42
abraham	0.48186058	35
abrite	0.3598105	55
absence	0.33372873	23
absent	0.336139	9
absolu	0.50139475	45
absolue	0.6240822	23
absolument	0.4621005	57
absurde	0.38016954	71
abu	0.23323493	2
abus	0.47504488	23
ac	-1.0	1
académie	0.6569757	79
académique	0.63692045	84
accepte	0.43866095	62
acceptent	0.44110522	72
accepter	0.4277144	75
accepté	0.40072358	65
accessible	0.092363544	2
accessibles	0.3636877	70
accident	0.43900788	14
accidents	0.3691871	5
accompagne	0.46297833	76
accompagné	0.4177488	81
accompagnée	0.5529934	68
accompagnés	0.3932917	67
accompli	0.563823	37
accord	0.8014084	2
accorde	0.48024482	81
accorder	0.46035117	64
accords	0.8542624	83
accordé	0.4097128	72
accordée	0.39969394	68
accrue	0.6273047	14
accueil	0.4615376	63
accueille	0.44929692	69
accueillent	0.41945717	79
accueilli	0.42738208	73
accueillir	0.40322733	78
accusations	0.12204663	2
accuse	0.42076457	29
accusé	0.46906948	71
accusés	0.41380662	58
accède	0.39009693	28
accès	0.4486241	53
accéder	0.49435848	67
acdc	0.47148886	17
ace	Nan	Nan
acheter	0.50363934	70
acheté	0.4028995	66
achevé	0.4460516	59
achevée	0.3664817	76
achille	0.4108995	63
achromatie	0.37789264	55
achète	0.39712334	66
achève	0.46346912	54
acide	0.5816266	64
acides	0.54457086	70
acier	0.48497233	74
aciers	0.4195469	77
acoustique	0.45345604	69
acquiert	0.41135415	83
acquis	0.48252416	71
acquise	0.50832987	67
acquérir	0.56821334	72
act	0.14134759	2
acte	0.8133092	51
actes	0.5435043	69
acteur	0.71207666	73
acteurs	0.71607035	67
actif	0.48931527	75
actifs	0.47067147	73
action	0.31326872	9
actionnaires	0.46443078	78
actions	0.47066462	14
active	0.22105667	3
activement	0.41386214	85
activité	0.4812641	59
activités	0.47798166	78
actors	Nan	Nan
actrice	0.62926465	64
actrices	0.6723959	62
actuel	0.51880527	65
actuelle	0.6483714	66
actuellement	0.52439696	79
actuelles	0.67564225	85
actuels	0.4413234	62
adam	0.49817392	3
adams	0.5641041	4
adaptation	0.24954909	6
adaptations	Nan	Nan
adapté	0.37992832	65
adaptée	0.4159939	75
adaptées	0.3769517	74
adaptés	0.365811	82
adhésion	0.48658234	41
adjoint	0.8272325	32
admet	0.45993856	11
administratif	0.45617163	64
administratifs	0.4859245	73
administration	0.3568756	12
administrations	0.3727637	41
administrative	0.44041294	13
administratives	0.43265605	75
admiration	0.4210486	5
admis	0.57479006	67
adn	0.5397929	53
adolescence	0.4686404	37
adolescent	0.46000823	27
adolescents	0.47214508	38
adolf	0.47625208	10
adopte	0.4935414	63
adopter	0.40485898	46
adopté	0.43587214	70
adoptée	0.4932656	10
adresse	0.57484996	63
adresses	0.6945961	68
adulte	0.5293765	78
adultes	0.52017015	71
adversaire	0.44892347	67
adversaires	0.5153587	71
affaibli	0.5227541	79
affaire	0.45007312	72
affaires	0.41294608	74
affecte	0.36896655	75
affecté	0.33968988	71
affiche	0.54693604	60
affiches	0.51493627	79
affiliation	0.51914424	59
affirmant	0.4311038	64
affirme	0.4627796	81
affirment	0.3753965	73
affirmer	0.47286463	75
affirmé	0.46278864	83
affronte	0.44363332	66
affronter	0.40780056	64
afghanistan	0.48244897	12
afin	0.33742502	23
africain	0.48471108	78
africaine	0.49417064	72
africaines	0.50320005	75
africains	0.4649826	91
afrique	0.65959704	82
afro-asiatique	0.56843877	84
afroaméricain	0.51378334	75
age	0.52285206	14
agence	0.49128017	67
agences	0.48875624	74
agent	0.16483791	5
agents	0.24392875	3
agglomération	0.59522295	70
agglomérations	0.6433619	52
agir	0.45959777	22
agit	0.24771978	14
agricole	0.62162966	78
agricoles	0.6189285	77
agriculture	0.43659213	17
ahmed	0.46980816	18
ai	Nan	Nan
aide	0.50429523	69
aider	0.44599602	79
aides	0.3906991	26
aidé	0.48802948	64
aient	0.49010727	57
aiguë	0.51810306	68
ailes	0.5632857	75
ailleurs	0.38905883	78
aime	0.6395336	46
aimé	0.46501076	50
ainsi	0.46643052	67
air	0.44686705	8
airbus	0.7255641	16
aire	0.55780745	24
aires	0.54884297	21
airs	0.32179046	23
aisément	0.4102581	60
ait	0.3620333	3
ajoutant	0.38988158	72
ajoute	0.42669278	70
ajouter	0.6196387	84
ajouté	0.4056236	68
ajoutée	0.5662154	76
akon	0.54815996	22
al	0.5236095	12
alain	0.68325615	54
alan	0.45062733	2
albanais	0.50284356	71
albert	0.5932565	11
alberto	0.58731395	10
albin	0.53489375	20
album	0.45496744	6
albums	0.29038826	2
alentours	0.52798724	71
alex	0.5253683	10
alexander	0.39555344	4
alexandre	0.56289446	42
alexandrie	0.58890986	81
alfred	0.55347	5
alger	0.5859393	83
algérie	0.58502555	74
algérien	0.45824975	72
algérienne	0.4376156	67
algériens	0.4805044	61
ali	0.27285326	7
alias	0.4405898	11
alice	0.44286007	16
alimentaire	0.5691208	68
alimentaires	0.49484473	79
alimentation	0.55509937	79
aliments	0.5943024	65
alive	0.12641013	2
allah	0.41526443	30
allaient	0.41071624	84
allait	0.4383512	68
allan	0.40706715	4
allant	0.72002316	9
allemagne	0.68468994	76
allemand	0.50606585	62
allemandes	0.47174805	76
allemands	0.5149713	80
allen	0.58956313	7
aller	0.605335	36
alliages	0.51117504	76
alliance	0.5811984	30
alliances	0.5955263	73
allié	Nan	Nan
alliées	0.4489154	69
alliés	0.38584358	4
allusion	Nan	Nan
alors	0.42905483	55
alpes	0.7184767	69
alpha	0.4596196	5
alphabet	0.7480647	43
alphonse	0.4693295	13
alsace	0.61333793	71
alsacien	0.47835177	70
alsacienne	0.46042442	61
alsaciens	0.47023475	82
alternatif	0.41909924	62
alternative	0.32366958	7
alternatives	0.3273388	7
altitude	0.43951526	10
aléatoire	0.5553206	75
amants	0.4013203	53
amateur	0.32932553	9
amateurs	0.36182243	22
ambiance	0.39278448	25
ambitieux	0.41000345	61
ambition	0.32184967	8
amené	0.393627	45
america	0.5233499	3
american	Nan	Nan
ami	0.3965842	28
amie	0.41869494	48
aminés	0.5522946	23
amis	0.4909367	69
amitié	0.40564924	56
amour	0.3756338	57
amoureuse	0.40024498	75
amoureux	0.42786917	73
amours	0.42742768	60
ampleur	0.37434292	71
amsterdam	0.5348297	21
amène	0.35805908	46
amélioration	0.44109026	72
améliorer	0.4569484	77
aménagements	0.48150557	75
américain	0.44105738	73
américaine	0.5735667	81
américaines	0.47009128	71
américains	0.45452505	83
amérindiens	0.424411	52
amérique	0.71451044	80
amériques	0.68462825	83
an	0.34398755	20
analogue	0.42334738	6
analyse	0.4566401	57
analyses	0.4341655	49
ancien	0.43197042	82
ancienne	0.4870952	81
anciennement	0.38417727	64
anciennes	0.44373605	67
anciens	0.3993855	75
ancêtre	0.42871895	69
ancêtres	0.46683133	72
and	Nan	Nan
anderson	0.38075787	4
andes	0.50282633	18
andrea	0.55332035	3
andrew	Nan	Nan
andromède	0.65670156	74
andré	0.59350497	34
andy	0.51817447	9
anecdotes	0.44695732	15
angel	0.11424363	2
angeles	0.12913904	2
angelina	0.57702565	12
anges	0.41937682	64
anglais	0.554782	76
anglaise	0.54624236	69
anglaises	0.56041265	80
angle	0.62741745	14
angles	0.6168904	14
angleterre	0.65535676	71
anglophone	0.50183225	46
anglophones	0.55755913	72
anglosaxons	Nan	Nan
animal	0.37037697	15
animale	0.43094248	37
animales	0.33240896	10
animation	0.3222019	8
animaux	0.46200103	64
anime	0.23990628	2
animé	0.34599343	17
animée	0.37703222	34
animés	0.4714133	36
ann	Nan	Nan
anna	0.46211165	6
anne	0.585302	20
anneaux	0.6479656	73
annexe	0.589652	47
annexes	0.5250505	44
annie	0.40322825	7
anniversaire	0.5023299	75
annonce	0.51239944	61
annoncé	0.45750064	58
annoncée	0.38063848	71
annuel	0.61587787	72
annuelle	0.6356428	74
annuelles	0.64424896	68
annulé	0.5576882	75
année	0.46172643	62
annéelà	0.47230384	66
années	0.44635662	71
anomalies	0.34944177	12
anonyme	0.54662055	68
anorchidie	0.49105176	65
ans	0.46936733	43
antarctique	0.6406926	65
antenne	0.67759275	73
antennes	0.5683621	82
anthony	0.14034912	2
anthropologie	0.4240883	3
anticorps	0.582922	78
antigènes	0.55551076	73
antilles	0.6744205	71
antique	0.2975515	7
antiques	0.24489324	5
antiquité	0.44676298	84
antisémite	0.46786612	85
antoine	0.54317343	59
antonio	0.45747447	8
antérieure	0.4191087	77
antérieurs	0.47891378	70
août	0.42261598	69
aphrodite	0.3142146	10
apogée	0.4749955	19
apollo	0.40451667	5
apothécie	0.4776284	80
apparaissent	0.38275385	57
apparait	0.43418413	76
apparaît	0.4334522	71
apparaître	0.4530017	61
appareil	0.6886975	73
appareils	0.4623576	75
apparemment	0.46318066	68
apparence	0.38750106	70
apparition	0.18097773	5
apparitions	0.36800373	12
appartement	0.5920848	73
appartements	0.58772075	81
appartenance	0.44969043	66
appartenant	0.39580607	78
appartiennent	0.38575327	66
appartient	0.4486368	60
apparu	0.68882084	75
apparue	0.46467707	83
apparues	0.36977974	71
apparus	0.36484253	58
appel	0.41135693	22
appeler	0.4501968	58
appellation	0.5208331	35
appelle	0.46640345	42
appellent	0.417228	71
appelé	0.38835797	67
appelée	0.43200803	63
appelées	0.38803962	63
appelés	0.37446827	76
apple	0.40562066	17
application	0.5477406	24
applications	0.60032505	31
applique	0.55316335	24
appliquer	0.49229342	59
appliqué	0.20615935	6
appliquée	0.39921623	63
appliquées	0.45617536	70
apport	0.42977583	60
apporte	0.42991912	76
apportent	0.3863516	82
apporter	0.47290286	64
apports	0.4249232	68
apporté	0.42106053	75
apportées	0.36425894	65
apprenant	0.4514796	55
apprend	0.48407522	63
apprendre	0.4847976	70
apprentissage	0.47884458	81
appris	0.5015853	65
approche	0.4250352	77
approches	0.4480899	83
approximativement	0.50029826	64
apprécie	0.40626597	66
apprécié	0.40626597	66
appui	0.55031276	70
après	0.42781442	53
apôtres	0.49368435	79
ar	0.39751524	3
arabe	0.4710411	70
arabes	0.455169	73
arabie	0.60131335	76
aragon	0.5872486	44
arbitraire	0.4128328	69
arbre	0.6557401	69
arbres	0.63710916	83
arc	0.6044495	40
archaïque	0.46684414	70
architecte	0.5077937	78
architectes	0.49616548	66
architectural	Nan	Nan
architecture	0.36860302	10
archives	0.51842827	33
archéologique	0.47840646	77
archéologiques	0.42205027	61
arcs	0.631039	40
arcsboutants	0.5930693	78
arctique	0.59290254	74
are	0.3294581	7
argent	0.45150942	80
argentin	0.556768	72
argentine	0.687239	67
argument	-1.0	1
arguments	0.11003877	2
aristote	0.560177	83
armageddon	0.59472215	10
armand	0.48819885	27
arme	0.61287427	71
armes	0.6609731	71
armoiries	0.53970075	79
armstrong	0.4432125	18
armé	0.564713	62
armée	0.5540277	76
armées	0.5319249	69
arménien	0.5029878	80
arnaud	0.6449813	57
arnold	0.47760096	11
arrangements	-1.0	1
arrivant	0.37949172	71
arrive	0.29867002	6
arrivent	0.41354346	78
arriver	Nan	Nan
arrivé	0.44205412	35
arrivée	0.43342146	72
arrivés	0.42366856	25
arrière	0.40294743	73
arrondissement	0.71670157	51
arrondissements	Nan	Nan
arrêt	0.51904607	67
arrêter	0.49079043	80
arrêté	0.84707546	72
arrêtés	0.41416106	83
arsenal	0.52558744	10
art	0.26564047	7
arthur	0.55551136	16
article	0.63491094	10
articles	0.07870828	2
artificielle	0.40458974	77
artisans	0.35751265	20
artiste	0.37510982	63
artistes	0.41192085	73
artistique	0.42409202	65
artistiques	0.36427054	58
arts	0.077097885	2
as	0.45997456	29
asiatique	0.47426265	10
asiatiques	0.5618558	72
asie	0.74851143	73
aspect	0.07891086	2
aspects	0.3814673	9
assassinat	0.4043951	81
assassiné	0.35579327	71
assassinés	0.43198305	83
assemblée	0.62485176	77
assemblées	0.4450577	71
assez	0.4530258	69
assis	0.4917495	69
assiste	0.3754728	69
assister	0.5269694	81
assisté	0.42830247	76
association	0.52634287	44
associations	0.52413183	35
associe	0.46014673	62
associé	0.4519205	57
associée	0.4758439	81
associées	0.46383798	71
associés	0.46764916	50
assurant	0.19190857	2
assure	0.3696368	6
assurent	0.40511078	78
assurer	0.40263933	73
assuré	0.42770326	20
assurée	0.40451455	74
astier	0.6189096	67
astronomique	0.6392773	79
asynchrone	0.62308633	56
at	0.1664439	5
ateliers	0.49436176	49
athènes	0.7253371	76
athéna	0.45905054	38
atlantique	0.5866611	63
atlas	0.53514427	10
atmosphère	0.62956	28
atmosphérique	0.5738919	80
atome	0.6234717	75
atomes	0.5993829	70
atomique	0.46902007	80
atomiques	0.49979538	77
atp	0.77668685	5
attaché	0.48505336	35
attachée	0.39333344	74
attaquant	0.63748646	77
attaque	0.4098352	79
attaquer	0.2903556	15
attaques	0.402661	81
attaqué	0.4135834	91
atteignant	0.33498484	62
atteignent	0.350603	68
atteindre	0.42316636	82
atteint	0.42557138	82
atteinte	0.511163	80
atteintes	0.45965597	72
atteints	0.38100713	82
attend	0.23061846	8
attendant	Nan	Nan
attendre	0.41858453	71
attendu	0.4078429	62
attentat	0.47111884	84
attentats	0.4673466	84
attention	0.551751	25
attire	0.721861	2
attirent	0.36648563	69
attirer	0.40887666	71
attiré	-1.0	1
attitude	0.43165407	2
attribue	0.37841237	73
attribuer	0.68461543	71
attribué	0.37841237	75
attribuée	0.38019726	77
attribuées	0.4009591	66
attribués	0.40810043	78
au	0.29820222	7
aucun	0.54282856	66
aucune	0.41556132	53
audelà	0.37512916	54
audessus	0.35626426	24
audience	-1.0	1
audiences	0.26058123	6
audio	0.46684435	9
augmentant	0.32513613	54
augmentation	0.58275306	25
augmente	0.44521657	74
augmentent	0.38549322	71
augmenter	0.47951844	63
augmenté	0.36501482	77
augmentée	0.4416878	73
auguste	0.5966324	69
augustin	0.47094104	52
aujourdhui	0.51487094	64
auparavant	0.4400031	85
auprès	0.4531762	64
auquel	0.4640584	77
aura	0.3605426	11
auraient	0.35050768	60
aurait	0.4595309	74
auront	0.39358437	55
aurès	0.62869406	72
aus	0.41444585	3
auschwitz	0.47412524	25
aussi	0.32636017	47
aussitôt	0.36883923	65
austin	0.31964797	4
australie	0.54195744	66
australien	0.47236466	38
australienne	0.52619106	72
australiens	0.40880087	44
autant	0.5553119	71
auteur	0.51832694	45
auteurs	0.37860015	58
authentique	0.3757249	62
authority	Nan	Nan
autisme	0.54205316	66
autobiographie	0.48156056	70
autochtones	0.40764695	72
automatique	0.46158603	69
automatiquement	0.42951146	73
automne	0.57758844	63
automobile	0.5617656	21
autonome	0.38728446	44
autonomes	0.45866174	79
autonomie	0.45146233	74
autorisation	0.8546695	73
autorise	0.3663105	77
autorisé	0.538627	59
autorisée	0.3904362	73
autorisés	0.39769572	76
autoritaire	0.45843232	67
autorité	0.43172377	79
autorités	0.38703066	79
autoroutes	0.63207734	74
autour	0.4753608	76
autre	0.4111942	55
autrefois	0.507547	72
autrement	0.4672718	64
autres	0.45253354	60
autriche	0.65671396	74
autrichien	0.5099619	80
autrichienne	0.43978518	79
autrichiens	0.43889448	79
aux	Nan	Nan
auxquelles	0.3894154	69
auxquels	0.41092956	74
avaient	0.3777594	62
avait	0.35011894	75
avance	0.40360704	18
avancé	0.3875355	31
avancée	0.47896373	79
avancées	0.4531259	71
avant	0.3517393	8
avantage	0.47052282	70
avantages	0.53970003	74
avatar	0.5324879	17
avec	0.35605162	24
avenir	0.43335617	41
aventure	0.48038414	74
aventures	0.44055974	56
avenue	0.57387984	15
aveugle	0.42311892	68
avion	0.6308013	68
avions	0.6725206	76
avis	0.45557138	17
avocat	0.5810167	73
avoir	0.56056565	43
avons	0.44355854	66
avoue	0.4821527	74
avril	0.64475334	28
awards	Nan	Nan
axe	0.6873041	7
axes	0.20392184	4
ayant	0.38887054	78
azoture	0.6621043	66
aérien	0.46850762	75
aérienne	0.44333237	75
aériennes	0.5645319	71
aéronefs	0.5800735	61
aéroport	0.49607098	80
aéroports	0.51410735	68
aîné	0.45231462	45
b	0.5224259	14
babylone	0.49766082	80
bach	0.52939516	11
back	0.05905712	2
backlash	0.3263669	6
bacon	Nan	Nan
bactérie	0.46929687	73
bactéries	0.5117465	67
bad	0.35563856	6
bafta	0.2824792	2
baie	0.5225919	51
bain	0.59065455	60
bains	0.48901713	49
baiser	0.5077028	75
baisse	0.5394863	78
bal	0.49936342	26
balance	0.49771258	21
bali	0.53107053	19
balkans	0.7589912	24
ball	0.433021	3
ballade	0.6346359	29
balle	0.7549613	78
balles	0.67556125	73
ballet	0.46107745	6
ballon	0.720376	66
baltique	0.6083572	74
balzac	0.56966203	52
bancaire	0.4722256	67
band	-1.0	1
bande	0.36753964	56
bandes	0.4400819	68
bank	Nan	Nan
banlieue	0.49089673	78
banque	0.48464873	72
banques	0.48718014	72
baptisme	0.40686288	47
baptiste	0.5899672	62
baptisé	0.39255002	50
baptisée	0.35741436	62
baptême	0.6358865	71
bar	0.4413862	8
barack	0.6560525	25
barbara	0.5832162	30
barbares	0.47330397	77
barcelone	0.6042792	73
bardot	0.5500369	42
baromètre	0.7579982	76
baron	0.45890364	17
baroque	0.53779554	29
barrage	0.6050478	65
barrages	0.5931301	71
barre	0.50110817	7
barres	0.64802027	64
barrett	0.3429672	4
barrière	0.66533506	69
barry	0.5292144	5
barça	0.6370815	70
bas	0.5839945	32
base	0.2949142	5
bases	0.53006244	10
bash	0.5230564	6
basilique	0.680562	86
basketball	0.25395775	5
basque	0.4702996	5
basse	0.7193608	64
basses	0.49451533	4
bassin	0.5104299	81
bassins	0.500503	68
bassiste	0.5694513	70
bastille	0.35788378	5
basé	0.23123248	6
basée	0.42761335	47
basées	0.31283283	40
basés	0.44940484	11
bat	Nan	Nan
bataille	0.57573694	62
batailles	0.5285057	81
bateau	0.6581969	67
bateaux	0.6525192	72
batista	0.42668706	10
batman	0.4428238	9
battant	0.531301	64
battent	0.3763345	70
batterie	0.63397187	60
batteur	0.6410573	74
battle	0.37530252	3
battre	0.40289274	65
battu	0.4098611	62
battue	0.5083686	68
baudelaire	0.6412789	65
bauer	0.5751675	7
bavière	0.64979815	85
bayern	0.54788285	35
bbc	0.3981278	2
bd	0.58737546	69
beach	Nan	Nan
beatles	0.32270908	3
beau	0.61430985	41
beaucoup	0.46340197	57
beauté	0.6080516	71
beaux	0.52029955	53
beauxarts	0.63254285	40
beethoven	0.56257087	16
bel	0.46791965	29
belge	0.5305526	77
belges	0.47422045	81
belgique	0.67520165	80
belgrade	0.52417326	12
bell	0.45827296	10
bella	0.5968385	10
belle	0.5137508	12
belles	0.5648118	64
belmondo	0.57487726	60
ben	0.8046728	21
bender	0.31234354	5
benjamin	0.57781917	18
benoit	0.66062796	39
benoît	0.6499901	32
benzema	0.65823877	57
berbère	0.463888	74
berbères	0.4538716	82
berceau	0.6888315	60
berger	0.57790595	66
berlin	0.5662628	19
berlusconi	0.680515	23
bernard	0.57031226	30
berne	0.5831304	56
bertrand	0.59997404	38
besoin	0.489553	82
besoins	0.48684424	77
beurre	0.60225165	67
beyoncé	0.5128282	19
biais	0.4617886	86
bible	0.49019325	24
bibliographie	0.7328785	65
bibliothèque	0.5866365	77
bibliothèques	0.5942397	64
biblique	0.40265957	74
bien	0.39241818	45
biens	0.42570415	71
bientôt	0.46523786	55
bienêtre	0.41679868	75
bijoux	0.49508756	48
bilan	0.6142727	78
bilingue	0.43416676	48
bill	0.5510547	3
billboard	Nan	Nan
billet	0.5730222	67
billets	0.5261058	66
billie	0.39987364	5
biodiversité	0.4836593	75
biographes	0.4284978	62
biographie	0.5530921	69
biographies	0.32023638	8
biologie	0.41526574	63
biologique	0.5009956	65
biologiques	0.45912018	68
bipolaire	0.49604285	77
bière	0.5979921	66
black	-1.0	1
blaise	0.5938458	37
blake	0.2910288	8
blanc	0.9999998	60
blanche	0.65732646	43
blanches	0.6013158	73
blancs	0.5786027	68
blason	0.6248919	58
bleach	0.35640302	11
blessure	0.56389076	71
blessures	0.50305694	66
blessé	0.4558342	69
blessés	0.45632705	79
bleu	0.6244718	57
bleue	0.536427	71
bleus	0.6182937	83
bloc	0.579792	35
blocs	0.5691007	55
blocus	0.44514793	71
blog	0.43367124	14
blogs	0.3836334	11
blood	Nan	Nan
blue	-1.0	1
blues	0.30686978	7
bluray	0.42162937	13
blé	0.6298032	74
bob	0.23967415	3
boeing	0.62495357	10
bohême	0.44537437	72
boire	0.54029316	63
bois	0.6669169	71
boisson	0.57708716	74
boissons	0.5719041	81
boleyn	0.5918133	6
bolivie	0.5782491	77
bolt	0.41141218	6
bombardement	0.5628551	82
bombardements	0.5805887	84
bombe	0.5027017	69
bon	0.5078561	44
bonaparte	0.5132404	39
bond	0.5489814	8
bonheur	0.4423125	73
bonne	0.41195443	56
bonnes	0.39991763	65
bono	0.52487373	10
bons	0.5429898	41
bonus	0.29706433	6
booba	0.5685896	73
bord	0.42804697	28
bordeaux	0.5778405	72
bords	0.53496516	55
bordure	0.69477075	79
boris	0.52362096	7
boston	0.48007435	10
botanique	0.5981675	77
bouche	0.5777793	74
bouclier	0.55489016	74
bouddha	0.49180743	80
bouddhisme	0.45779434	88
bouddhiste	0.4276014	88
boulevard	0.6906168	21
bourbon	0.32833576	3
bourdieu	0.591273	49
bourgeois	0.46769562	30
bourgeoisie	0.40538603	22
bourgogne	0.66566837	73
bourguignons	0.581213	64
bourse	0.5043803	63
bout	0.3849681	30
boutiques	0.4925812	7
bovary	0.4325955	28
bowie	0.51438576	13
box	0.53281164	4
boxe	0.5214222	69
boy	0.38792965	3
boyz	0.33498245	3
boîte	0.621866	65
brad	0.60654914	12
bram	0.49853387	9
branche	0.6110847	68
branches	0.68081427	9
bras	0.43252656	4
break	0.69381887	5
bree	0.53006244	11
bref	0.6664758	71
bregma	0.10886119	2
brel	0.580465	60
bretagne	0.6616842	66
breton	0.6130063	48
bretonne	0.44512153	77
bretons	0.4249743	61
brevet	0.56857336	75
brian	Nan	Nan
bridge	-1.0	1
brigitte	0.56396145	48
brillant	0.5685062	61
brillante	0.45355758	34
britannique	0.5564104	81
britanniques	0.55952644	82
britney	0.45781156	7
brièvement	0.39038837	75
bronze	0.31336293	15
brooklyn	0.515978	5
brothers	0.45954046	3
brown	Nan	Nan
bruce	0.60199124	5
bruit	0.4588535	77
brun	0.63597804	64
bruno	0.4175439	10
brut	0.5430381	9
bruxelles	0.65231556	73
bryan	0.80916	6
brève	0.68031865	49
brésil	0.6205801	74
brésilien	0.529728	73
brûler	0.42558336	71
budapest	0.6059799	29
budget	0.34200484	8
budgétaire	0.52641594	72
buffy	0.6150259	19
building	0.520398	2
bulgare	0.44947815	81
bulgarie	0.65707475	67
bull	-1.0	1
bulle	0.69336903	71
bulls	0.20505205	2
bureau	0.65668976	77
bureaux	0.5689616	74
burkina	0.55267084	51
burton	0.45731512	11
bus	0.6962234	6
bush	0.629941	3
business	Nan	Nan
buste	0.6214319	71
but	0.49456888	30
buteur	0.5751821	78
buts	0.5562855	36
bwv	0.6704886	4
byzance	0.52662927	72
byzantin	0.62918127	80
byzantins	0.55697334	60
bâle	0.5798106	67
bâti	0.57760656	48
bâtiment	0.5614346	76
bâtiments	0.50800407	78
bébé	0.6757287	76
bémol	0.79099494	71
bénin	0.582038	55
bénéfice	0.42966908	66
bénéfices	0.43356812	70
bénéficie	0.395352	65
bénéficient	0.37850976	73
bénéficier	0.38504434	61
bénéficié	0.3804889	67
bétail	0.543882	73
béton	0.77191085	76
bœuf	0.5835902	77
c	0.3895596	2
ca	0.5288264	15
cabine	0.56847364	69
cabinet	Nan	Nan
cacao	0.46123636	45
cache	0.43322092	11
cacher	0.3397414	73
caché	0.35290945	31
cachée	0.40643734	63
cadeaux	0.5454948	69
cadet	0.43365327	7
cadre	0.7986843	80
cadres	0.65868676	81
café	0.52174604	46
caféine	0.6194061	89
cafés	0.51998353	31
cage	0.57989925	15
cahier	0.6460746	73
cahiers	0.5939258	65
caille	0.6086647	75
caire	0.6262998	82
caisse	0.67401975	79
caisses	0.6316323	79
calcaire	0.57152575	90
calcium	0.30458355	11
calcul	0.5583402	72
calculer	0.49190158	83
calculs	0.548003	75
calculé	0.527618	73
calendrier	0.7477252	67
califat	0.47197112	79
calife	0.4340582	74
california	Nan	Nan
californie	0.54660594	80
calme	0.40074402	71
camarades	0.43014398	71
cambodge	0.6699373	67
cambridge	0.45785487	6
cameron	0.6732717	10
cameroun	0.5507527	79
camille	0.54930913	22
camp	-1.0	1
campagne	0.6253411	77
campagnes	0.5021032	67
camps	-1.0	1
campus	0.39790434	5
camus	0.6414108	48
caméra	0.592223	29
caméras	0.5381266	20
canada	0.54847395	22
canadien	0.6557492	53
canadienne	0.5292389	65
canadiens	0.69025326	22
canal	0.59096044	30
canal+	0.59241664	61
canard	0.608542	81
canaries	0.59668344	52
canaux	0.5871209	79
cancer	0.36611107	11
cancers	0.46807113	34
candidat	0.4863785	73
candidats	0.52379954	72
candidature	0.50120384	69
candide	0.5179289	57
canis	0.28534448	9
canne	0.74524283	68
cannes	0.65927905	57
canon	0.8252975	14
canot	0.6175807	77
canots	0.5151285	79
canton	0.38709116	10
cantons	0.67185473	48
cap	0.43520865	3
capable	0.28128746	5
capables	0.35486358	78
capacité	0.4868021	62
capacités	0.68941826	77
capitaine	0.48582837	67
capital	0.40621203	11
capitale	0.51102316	28
capitales	0.72050667	64
capitalisme	0.44362617	71
capitaliste	0.4854741	68
capitaux	0.42590618	74
capitole	0.7546672	75
capone	0.41530517	7
capture	0.38628706	9
capvert	0.6005579	70
car	Nan	Nan
caractère	0.55627334	70
caractères	0.7671947	75
caractérise	0.36562657	80
caractéristique	0.69472104	79
caractéristiques	0.6973123	75
caractérisé	0.37501737	85
caractérisée	0.40720123	82
caravage	0.55044276	80
caraïbes	0.5926959	70
carbone	0.62786186	56
carburant	0.4703501	65
cardiaque	0.5042062	73
cardiaques	0.40695748	77
cardinal	0.36008364	3
carl	0.49665737	4
carlo	0.48051265	11
carlos	0.45448002	30
carnaval	0.616266	40
carnets	0.50137514	49
carole	0.574888	27
caroline	0.530618	9
carolingienne	0.5334872	88
carrefour	0.65054685	41
carrie	0.5973254	9
carrière	0.566172	81
carrières	0.55555767	80
carroll	0.58857936	3
carré	0.74486417	68
carrée	0.6144477	64
carrés	0.6428124	81
carte	Nan	Nan
carter	0.54621917	7
cartes	0.5832237	68
carthage	0.58942187	30
cartier	0.51633155	15
cartographie	0.59505534	86
cas	0.4643175	10
casablanca	0.55134016	39
case	0.68951255	21
casino	0.36203465	8
casting	0.4125948	22
castro	0.49947065	6
catalan	0.5458281	37
catalogne	0.64123917	77
catalogue	0.48157054	35
catastrophe	0.46110988	38
catastrophes	0.41841298	49
catch	0.54214716	27
catcheur	0.5697851	70
catcheurs	0.54356503	63
catherine	0.3333941	12
catholicisme	0.42338496	77
catholique	0.40675074	72
catholiques	0.44498765	79
cathédrale	0.71587634	76
cathédrales	0.71027255	78
catégorie	0.62932324	84
catégorieacteur	0.71220475	83
catégorieactrice	0.6201322	64
catégorieancien	0.47200352	94
catégoriechanteur	0.5377435	87
catégoriechanteuse	0.47345355	65
catégoriechevalier	0.47909054	93
catégoriedécès	0.45638958	44
catégoriefilm	0.44295055	77
catégoriegroupe	0.45127183	87
catégoriehistoire	0.36852533	74
catégoriejoueur	0.5181805	85
catégorielauréat	0.3873044	68
catégoriemembre	0.5598644	90
catégoriemort	0.4374764	74
catégorienom	0.5003786	70
catégoriepeintre	0.42682934	90
catégoriepersonnalité	0.4659592	68
catégorieréalisateur	0.6222068	89
catégories	0.44719422	17
catégoriesérie	0.44209084	56
catégorieécrivain	0.4900776	37
catégorieélève	0.6066479	87
caucase	0.643893	78
cause	0.26327837	4
causes	0.39485624	6
causé	0.29525572	16
cavalerie	0.5860257	62
cavaliers	0.15501906	2
cavité	0.3757843	29
cbs	Nan	Nan
cd	0.6428845	17
cdot	Nan	Nan
ce	0.31595325	10
ceci	0.2419436	3
ceinture	0.6782908	75
cela	0.57850325	26
celle	0.49789804	14
celleci	0.3919412	80
celles	0.62683034	75
cellesci	0.31960973	71
cellulaire	0.521551	69
cellule	0.5196911	76
cellules	0.52082443	70
celtes	0.46841654	78
celtique	0.6083082	74
celui	0.43028748	70
celuici	0.3301939	65
cena	0.3376466	6
cendres	0.51445645	77
censure	0.55295134	65
censé	0.37809846	66
cent	0.5921998	8
centaine	0.6154164	65
centaines	0.5676766	82
centenaire	0.46551692	79
central	0.32184392	2
centrale	0.6224247	60
centrales	0.58463097	77
centraux	0.40615302	67
centre	0.63116026	34
centres	0.3612892	15
centreville	0.5036754	7
centré	0.48209956	34
centrée	0.50575244	71
cents	0.78402895	7
cependant	0.45074806	85
cercle	0.79248476	63
cercles	0.6230328	78
cerf	0.6617584	75
certain	0.09141663	2
certaine	0.45542917	71
certainement	0.45184347	81
certaines	0.4349425	73
certains	0.46194762	65
certes	0.43438703	43
certification	0.48542973	7
certifié	0.573128	70
certitude	0.448439	46
cerveau	0.59173054	75
ces	-1.0	1
cesse	0.49576747	64
cessé	0.4699911	74
cest	0.41533697	34
cestàdire	0.47349054	78
cet	-1.0	1
cette	0.42837286	35
ceux	0.40967652	58
ceuxci	0.33253652	75
cf	0.38855863	13
chacun	0.4569995	79
chacune	0.36904725	67
chaine	0.673478	66
chair	Nan	Nan
chaise	0.77679616	63
chaleur	0.43133232	63
challenger	Nan	Nan
chamber	0.28105143	4
chambre	0.61813015	69
chambres	0.6194196	71
champ	0.75150573	50
champagne	0.4862429	36
champion	0.34418035	12
championnat	0.4711419	76
championnats	0.45693013	75
champions	0.283395	6
champs	0.72305214	59
chan	0.5343461	6
chance	0.4523219	35
chancelier	0.5465243	82
chances	0.39378855	2
chandler	0.6062517	2
chanel	0.47753748	26
change	-1.0	1
changement	0.47566944	74
changements	0.45185053	73
changent	0.44138163	71
changer	0.43604115	66
changé	0.37997797	14
channel	0.064240314	3
chanson	0.58621204	74
chansons	0.5104543	71
chant	0.47851932	62
chante	0.43883827	21
chanter	0.49197435	66
chanteur	0.5500763	77
chanteurs	0.5487232	71
chanteuse	0.6196804	65
chantier	0.5185346	68
chantiers	0.44568467	74
chants	0.51652837	28
chanté	0.49233586	38
chaos	0.15860403	4
chapeau	0.7228701	68
chapelle	0.68215454	76
chapitre	0.51592636	65
chapitres	0.5729763	75
chaplin	0.5059252	13
chaque	0.42367193	25
char	0.6584379	55
charbon	0.5378052	72
charge	0.284968	12
charges	0.45785594	40
chargé	0.20071486	4
chargée	0.45239228	65
chargés	0.42866006	51
charité	0.3974393	56
charlemagne	0.4652224	21
charles	0.5350926	8
charlie	0.50536114	19
charlotte	0.5356296	5
charme	0.5646373	71
chars	0.6191576	66
charte	0.70995456	73
chasse	0.52061284	72
chasseurs	0.52743125	70
chat	0.60591763	67
chats	0.59643024	64
chaud	0.3984363	70
chaude	0.3703408	74
chauds	0.4194231	72
chauffage	0.4626569	73
chaussures	0.6308701	68
chaîne	0.64058566	62
chaînes	0.60202616	81
che	0.61785895	29
chef	0.5542643	2
chefdœuvre	0.37348226	78
cheflieu	0.5056467	79
chefs	0.5012663	6
chelem	0.3615625	24
chemin	0.558929	65
chemins	0.5446038	78
cher	0.3387587	4
cherchant	0.41776693	51
cherche	0.41545117	3
cherchent	0.38798407	67
chercher	0.4083767	66
chercheurs	0.4674036	79
cherché	0.5142824	46
cheval	0.5855405	77
chevalet	0.72205544	68
chevalier	0.52088016	69
chevaliers	0.5061332	66
chevaux	0.5247259	68
cheveux	0.62306815	83
chez	0.4228555	25
chicago	0.5743782	8
chien	0.49770305	74
chiens	0.49226415	66
chiffre	0.664837	86
chiffres	0.64170986	76
chili	0.66598916	5
chimie	0.5196313	70
chimique	0.50636053	68
chimiques	0.5301147	76
chimène	0.5715331	64
chine	0.61568093	65
chinois	0.52448493	79
chinoise	0.56649303	81
chinoises	0.47368413	77
chirac	0.6576432	75
chirurgie	0.5029817	76
choc	0.3367409	32
chocolat	0.49364847	71
choice	Nan	Nan
choisi	0.46404535	55
choisie	0.43388042	65
choisir	0.43533668	65
choisis	0.5328531	73
choisissent	0.36624297	69
choisit	0.44698462	76
choix	0.4208393	76
chopin	0.57920724	25
chose	0.37889332	54
choses	0.39056024	59
chris	0.581751	6
christ	0.48081583	13
christian	Nan	Nan
christianisme	0.4480207	80
christine	0.45746756	3
christophe	0.561694	73
christopher	0.3575353	5
chronique	0.38304755	79
chroniques	0.46761408	69
chronologie	Nan	Nan
chronologique	Nan	Nan
chrétien	0.39275312	72
chrétienne	0.40906304	68
chrétiennes	0.3782659	75
chrétiens	0.41328228	80
chuck	0.38708392	12
churchill	0.5843918	17
chute	0.61263704	63
chutes	0.6131631	42
chypre	0.63755167	76
château	0.71185625	62
châteaux	0.7248404	81
chêne	0.706533	75
chômage	0.5011499	72
chœur	0.5771317	73
cia	0.24646805	9
cible	0.6589902	74
cicontre	0.37971857	67
cicéron	0.6501545	71
cidessous	0.4460452	64
cidessus	0.40443876	66
ciel	0.78538465	55
cimetière	0.5293201	78
cincinnati	0.59157175	4
cinq	0.483468	64
cinquantaine	0.5461115	66
cinquante	0.4242379	50
cinquième	0.4101312	69
cinéaste	0.50596267	78
cinéma	0.48622683	33
cinémas	0.43866107	14
cinématographique	0.4143259	74
cinématographiques	0.44578815	66
cio	0.57001877	16
circoncision	0.45217177	73
circonscription	0.7124752	84
circonscriptions	0.7198859	85
circonstances	0.4317904	72
circuit	0.4985907	6
circuits	Nan	Nan
circulaire	0.6714854	65
circulation	0.4559374	12
circulent	0.36118615	54
cirque	0.48563272	42
citation	0.6599461	55
citations	0.6679058	58
cite	0.4802581	29
citer	0.6041362	35
citons	0.3875432	69
citoyen	0.5016601	80
citoyenneté	0.4809625	62
citoyens	0.49823612	77
city	-1.0	1
cité	0.5646449	68
cités	0.48836404	66
civil	Nan	Nan
civile	0.40624788	51
civiles	0.44259608	28
civilisation	0.43178427	51
civilisations	0.48265976	50
civils	0.66968906	23
civiques	0.47268468	86
clair	0.47836864	8
claire	0.6233793	12
clairement	0.40920576	68
clan	0.3018322	7
clans	0.63196963	17
classe	0.5583341	67
classement	0.51701003	78
classements	0.6475609	73
classer	0.47096926	75
classes	0.4801887	9
classicisme	0.5099896	74
classification	0.57115734	21
classique	0.4208612	70
classiques	0.4526443	71
classé	0.48883587	49
classée	0.42917287	74
classées	0.41792133	59
classés	0.19032486	6
claude	0.5990364	43
clavier	0.76913536	76
clergé	0.43268532	76
client	0.4763482	29
clients	0.5855905	12
clientèle	0.48857325	56
cliff	0.5113534	2
climat	0.53099024	76
climatique	0.4863665	71
climatiques	0.39955395	61
climatologie	0.51184404	65
climats	0.6881051	74
clinique	0.5923662	5
cliniques	0.46841836	62
clint	0.62304235	21
clinton	0.32548252	3
clip	-1.0	1
clips	0.36787516	5
clitoris	0.39806682	15
clos	0.5130911	50
club	-1.0	1
clubs	-1.0	1
clé	0.6570859	74
clément	0.5036552	41
cléopâtre	0.54400754	72
clés	0.5869019	79
clôture	0.5936714	73
cm	0.5625425	11
cnrs	0.98846227	50
co	0.2794139	12
coalition	0.2824585	3
cobain	0.50784826	10
cocacola	0.41843858	8
cocaïne	0.42054743	40
coco	0.46700776	20
code	-1.0	1
codes	0.25727192	2
cody	0.4449802	4
coffret	0.5241228	73
cohérence	0.27036887	21
coke	Nan	Nan
col	0.59678835	37
colbert	0.49378493	12
cold	-1.0	1
cole	0.48396128	2
coli	0.4080766	13
colin	0.4260392	2
coll	0.30162856	4
collaborateurs	0.54944086	71
collaboration	0.14500508	2
collaborations	0.27248567	5
collabore	0.41759858	75
collaboré	0.42065367	78
collecte	0.45940864	70
collectif	0.41812456	44
collectifs	0.4790201	82
collection	0.4639237	14
collections	0.37008876	8
collective	0.3724511	3
collectivité	0.4595096	70
collectivités	0.5011261	69
colline	0.6878089	65
collines	0.69701165	74
collins	0.53454995	5
collision	0.34823665	10
collège	0.57949305	45
collègues	0.5062831	71
colmar	0.610147	59
colomb	0.53103817	71
colombie	0.6420299	77
colonel	0.5485474	14
colonial	0.2930895	3
coloniale	0.50307715	57
coloniales	0.42355332	35
colonie	0.48001844	53
colonies	0.4968598	5
colonisation	0.51084936	68
colonne	0.6889185	70
colonnes	0.6201833	84
colons	0.22268598	5
coluche	0.5820993	64
columbia	0.31401318	5
colère	0.44736665	78
combat	0.37554905	11
combats	0.3126129	27
combattants	0.5052096	63
combattre	0.4400795	75
combien	0.4524123	66
combinaison	0.70887345	56
combustion	0.45710808	14
come	0.5136488	17
comics	0.6202858	7
comique	0.43384624	77
comiques	0.36678657	71
comité	0.49114466	69
commandant	0.45708126	27
commande	0.52880514	79
commandement	0.6458453	74
commandes	0.5143181	68
commandé	0.69427246	74
comme	0.46644154	23
commence	0.32590896	25
commencent	0.36961678	72
commencer	0.3999785	58
commencé	0.43130893	45
comment	0.34213197	15
commentaire	0.49694803	65
commentaires	0.4437079	63
commentateurs	0.5375107	71
commença	0.3911439	82
commerce	0.41903988	23
commercial	0.43643788	40
commerciale	0.4607986	77
commerciales	0.49452838	80
commercialisation	0.36957797	35
commerciaux	0.50716805	81
commerçants	0.4857351	66
commis	0.5160166	24
commissaire	0.59868586	66
commission	0.291926	6
commissions	0.291926	6
commonwealth	0.53061426	12
commun	0.46553627	63
communautaire	0.4579121	77
communautaires	0.45367768	74
communauté	0.48514628	71
communautés	0.5370951	70
commune	0.4870876	17
communes	0.6053351	15
communication	0.44774708	20
communications	-1.0	1
communiquer	0.47351354	75
communiqué	0.6627931	64
communisme	0.46488574	73
communiste	0.527071	81
communistes	0.48727697	79
communs	0.5530248	63
communément	0.43957096	83
commémoration	0.49439067	61
compagne	0.5229164	58
compagnie	0.4092505	38
compagnies	0.7295933	77
compagnon	0.5525477	62
compagnons	0.46167722	83
company	Nan	Nan
comparable	0.5009318	6
comparaison	0.4608062	69
compare	-1.0	1
comparer	0.40032318	66
comparé	0.15836704	5
comparée	0.46124685	68
compassion	0.3667978	4
compatible	0.46412334	21
compenser	0.48866317	55
compilation	0.3697499	28
compilations	0.4064834	18
complet	0.5370288	69
complexe	0.49842817	85
complexes	0.5172411	48
complexité	0.45657352	78
complications	0.13411766	2
complot	0.39377654	62
complète	0.2421115	15
complètement	0.38621265	60
complètes	0.43298656	47
complément	0.9304602	37
complémentaire	0.45670396	72
complémentaires	0.5299149	70
compléter	0.5863137	64
complété	0.23992921	13
comportant	0.34764004	39
comporte	0.40154493	54
comportement	0.56044734	66
comportements	0.54010004	71
comportent	0.36566415	47
composant	0.49198318	76
composante	0.44135916	70
composantes	0.5109542	77
composants	0.4836639	84
compose	0.6142802	19
composent	0.38645315	53
composer	-1.0	1
compositeur	0.5196921	71
compositeurs	0.537976	65
composition	0.2653306	4
compositions	0.30612236	6
composé	0.619327	40
composée	0.6184135	76
composées	0.6277178	86
composés	0.74039555	76
comprenant	0.5101245	59
comprend	0.46554363	60
comprendre	0.42918178	63
comprennent	0.4007478	77
compression	0.23535934	6
compris	0.48241776	66
comprise	0.5478182	5
compromis	0.49291408	58
compréhension	0.45260242	26
comptait	0.38126135	76
comptant	0.4038823	57
compte	0.55209076	72
comptent	0.4347267	77
compter	0.6337589	71
comptes	0.5150499	66
compétence	0.49080583	42
compétences	0.4739507	79
compétition	0.3103321	19
compétitions	0.34308738	9
compétitivité	0.51050454	84
comte	0.52248263	47
comtesse	0.51448023	58
comté	0.46689588	69
comtés	0.58880126	70
comédie	0.44740215	76
comédien	0.62253666	83
comédienne	0.6009543	67
comédiens	0.46062338	69
comédies	0.5064086	41
concentration	0.33481163	18
concentre	0.6224734	59
concentrent	0.3694262	68
concentrer	0.48333862	79
concept	0.46439597	5
conception	0.36141878	17
conceptions	0.36165315	6
concepts	0.42040864	3
concernant	0.48607987	72
concerne	0.4330371	61
concernent	0.339624	56
concernés	0.39628842	74
concert	0.41857845	2
concerto	0.4764074	20
concertos	0.33533326	8
concerts	Nan	Nan
concevoir	0.4066661	67
concile	0.53548217	90
concilier	0.41916934	84
conclu	0.40381962	63
conclure	0.46207377	62
conclusion	0.4610986	21
conclusions	0.042654086	2
conclut	0.36730215	76
concorde	0.50495917	17
concours	0.47800046	63
concurrence	0.4548538	77
concurrent	0.33976516	23
concurrents	0.4366173	75
condamnation	0.46180543	68
condamne	0.39236847	67
condamné	0.3888449	82
condamnée	0.4316496	86
condamnés	0.39972007	79
condition	0.26905763	4
conditions	0.34910175	10
conducteur	0.5202105	63
conduire	0.48917368	84
conduisant	0.40942156	62
conduisent	0.3904987	55
conduit	Nan	Nan
conduite	0.4953377	67
conduits	0.5090153	4
confession	0.35908636	15
confessions	0.33213264	4
confiance	0.42351103	62
confie	0.37912494	40
configuration	0.39823428	9
confirmation	0.4338754	13
confirme	0.57604533	50
confirmé	0.38055015	64
confirmée	0.42987213	71
confié	0.40275115	62
confiée	0.4867719	47
conflit	0.48276454	74
conflits	0.48545223	79
confondre	0.6899425	77
confondues	0.4996996	70
conforme	0.666626	70
conformément	0.48565355	89
confort	0.4066919	54
confrontation	0.29747573	11
confronté	0.36418918	67
confusion	0.2240738	6
confère	0.44167313	86
confédération	0.48904783	23
conférence	0.42935097	26
conférences	0.44191998	27
congo	0.64789885	42
congrès	0.5577963	63
conjointement	0.44958577	77
connaissait	0.44164184	64
connaissance	0.45010275	66
connaissances	0.4751491	73
connaissent	0.40043575	70
connait	0.44338852	65
connaît	0.4503613	66
connaîtra	0.38447773	62
connaître	0.46049136	75
connexes	0.44946647	77
connexion	0.48342893	65
connu	0.52969813	74
connue	0.50060135	69
connues	0.45620704	56
connus	0.38131484	55
connut	0.42110336	72
conquis	0.39463502	58
conquérir	0.36881062	68
conquête	0.44825533	72
conquêtes	0.5471634	66
consacre	0.4041531	80
consacrer	0.45518044	68
consacré	0.40777022	81
consacrée	0.43978593	75
consacrées	0.39640903	72
consacrés	0.404239	73
conscience	0.33279005	21
conscient	0.3781524	64
conseil	0.45485204	76
conseille	0.46552983	62
conseiller	0.55664	75
conseillers	0.5707449	78
conseillé	0.49602574	59
conseils	0.46228707	70
consensus	0.22299172	3
consentement	0.5079759	79
conservant	0.40110216	49
conservateur	0.5118733	69
conservateurs	0.45671195	57
conservation	0.27567542	2
conservatoire	0.4658896	80
conservatrice	0.42175764	77
conserve	0.56216764	49
conservent	0.44028097	76
conserver	0.37796864	67
conservé	0.4761101	45
conservée	0.3643493	58
conservées	0.32783365	45
conservés	0.4829548	74
considère	0.4571251	73
considèrent	0.3850333	64
considérable	0.22545923	7
considérablement	0.35652402	80
considérables	0.40029773	77
considérait	0.4478041	68
considérant	0.47515765	50
considération	0.33664802	6
considérations	0.6021644	4
considérer	0.3417598	66
considéré	0.40628543	74
considérée	0.37838253	75
considérées	0.44178522	56
considérés	0.41564524	74
consistant	0.5144974	44
consiste	0.4760633	61
consommateur	0.48666006	66
consommateurs	0.50255585	78
consommation	0.5132222	76
consomme	0.5502484	10
consommer	0.45869428	79
consommé	0.5650643	9
constamment	0.3882361	71
constant	0.58286417	28
constante	0.62207484	53
constantin	0.56400746	52
constantinople	0.51259243	23
constate	0.46957773	80
constater	0.41393566	78
constaté	0.42847866	81
constituant	0.6712996	74
constituante	0.4781041	78
constitue	0.43199593	69
constituent	0.3307535	5
constituer	0.37388116	88
constitution	0.8861306	6
constitutionnel	0.5302863	75
constitutionnelle	0.48039767	82
constitué	0.404715	68
constituée	0.3687822	55
constituées	0.47512758	72
constitués	0.42771906	65
constructeurs	0.5448248	77
construction	0.34827033	8
constructions	0.29977214	5
construire	0.4305384	83
construit	0.5604947	77
construite	0.4947026	70
construites	0.4733304	68
construits	0.3850425	72
consul	0.46976325	6
consulat	0.5434435	62
consultation	0.3645303	6
consulter	0.4741561	76
consécutifs	0.61870694	77
consécutive	0.2127631	3
consécutives	0.37243485	57
conséquence	0.298051	7
conséquences	0.41067946	20
conséquent	0.5938978	15
contact	0.4043532	3
contacts	0.41417745	13
contamination	0.2733457	11
conte	0.54928493	10
contemporain	0.45853442	64
contemporaine	0.64050657	63
contemporaines	0.5612826	79
contemporains	0.37999022	78
contenant	0.5121119	67
contenir	0.41750807	75
contenu	0.4498579	77
contenus	0.42503715	64
contes	0.45647368	71
contestation	0.43386662	74
contesté	0.5170644	67
contestée	0.4210178	78
contexte	0.44716188	83
contiennent	0.38560766	80
contient	0.5309457	70
continent	0.61214733	21
continental	0.4021022	12
continentale	0.48159266	34
continents	0.69491684	14
continu	0.51216745	50
continua	0.33136886	15
continue	0.5256505	12
continuent	0.34414816	66
continuer	0.5867786	73
continuité	0.4460603	79
continué	0.4411515	57
contraction	0.4177053	14
contradiction	0.23746055	8
contradictoires	0.3901325	72
contraint	0.39010638	80
contrainte	0.4495348	77
contraintes	0.46870178	73
contraire	0.4976966	68
contrairement	0.41530102	74
contraste	0.4138577	44
contrat	0.5926728	80
contrats	0.5255285	80
contre	0.43417186	70
contrepartie	0.44899917	77
contrer	0.36734873	83
contribue	0.388861	84
contribuent	0.3837129	84
contribuer	0.46679267	72
contribution	0.4052217	4
contributions	0.32710433	3
contribué	0.388861	81
controverse	0.43322513	59
controverses	0.5829028	55
controversé	0.41139704	61
controversée	0.37798822	73
contrôle	0.40553007	74
contrôler	0.38076416	57
contrôles	0.4794112	62
contrôleur	0.4529941	64
contrôlé	0.4382357	82
convainc	0.45521617	80
convaincre	0.45024484	69
convaincu	0.5025343	70
convention	0.27926996	4
conventions	0.22482364	2
conversation	0.34549552	3
conversion	0.12686811	3
conviction	0.2982723	8
convient	0.38636708	52
conçoit	0.33734506	40
conçu	0.28881228	25
conçue	0.32825762	36
conçus	0.27486277	36
cook	0.503533	8
cookie	0.55044174	6
cooper	0.6726875	21
coopération	0.34305853	18
coordination	0.41282418	15
coordonnées	0.6586488	75
copie	0.6455899	82
copies	0.5551599	22
coppola	0.56865513	15
coprolalie	0.39185596	60
copyright	0.8894174	12
coran	0.47892	64
corbusier	0.54341686	44
corde	0.57315344	71
cordes	0.6475179	68
cordillère	0.6825661	65
corneille	0.58057106	64
corporation	-1.0	1
corps	0.58530635	54
corpus	0.6554821	10
correctement	0.3786288	61
correspond	0.32357946	14
correspondance	0.49855614	73
correspondant	0.46443313	67
correspondent	-1.0	1
correspondre	0.55148363	72
corriger	0.49954024	75
corruption	0.36152834	21
corse	0.64352024	79
cortex	0.50706965	42
cortinaire	0.62084186	90
corée	0.66888434	77
cos	0.5035214	15
costa	0.6613266	21
costume	0.72584426	28
costumes	-1.0	1
coton	0.55632514	63
cou	0.59994805	81
couche	0.56533307	71
coucher	0.6852036	69
couches	0.45648974	10
couleur	0.6127703	70
couleurs	0.60396844	75
couloir	0.58037543	66
country	0.32375413	12
coup	0.40354282	15
coupable	0.4481194	74
coupe	0.6174934	33
couper	0.4284638	78
coupes	0.54812145	23
couple	0.46594873	59
couples	0.4152825	10
coupole	0.63439274	86
coups	0.41757792	40
coupure	0.5300773	67
coupé	0.7301486	32
cour	0.5814034	70
courage	0.36497325	20
couramment	0.38864607	65
courant	0.40638444	58
courante	0.4979922	32
courantes	0.5109472	66
courants	0.6045737	73
courbe	0.7159039	77
couronne	0.538882	82
courrier	0.5136639	86
cours	0.45334572	73
course	0.41443807	30
courses	0.5816935	8
court	Nan	Nan
courte	0.66408753	73
courtes	0.58430696	88
courtmétrage	0.3945151	80
courts	Nan	Nan
cousin	0.40638882	10
coutume	0.48290616	36
coutumes	0.43950877	76
0	0	0
0	0	0
0	0	0
0	0	0
0	0	0
0	0	0
0	0	0
0	0	0
0	0	0
0	0	0
0	0	0
0	0	0
0	0	0
0	0	0
0	0	0
0	0	0
0	0	0
0	0	0
0	0	0
0	0	0
0	0	0
0	0	0
0	0	0
0	0	0
0	0	0
0	0	0
0	0	0
0	0	0
0	0	0
0	0	0
0	0	0
0	0	0
0	0	0
0	0	0
0	0	0
0	0	0
0	0	0
0	0	0
0	0	0
0	0	0
0	0	0
0	0	0
0	0	0
0	0	0
0	0	0
0	0	0
0	0	0
0	0	0
0	0	0
0	0	0
0	0	0
0	0	0
0	0	0
0	0	0
0	0	0
0	0	0
0	0	0
0	0	0
0	0	0
0	0	0
0	0	0
0	0	0
0	0	0
0	0	0
0	0	0
0	0	0
0	0	0
0	0	0
0	0	0
0	0	0
0	0	0
0	0	0
0	0	0
0	0	0
0	0	0
0	0	0
0	0	0
0	0	0
0	0	0
0	0	0
0	0	0
0	0	0
0	0	0
0	0	0
0	0	0
0	0	0
0	0	0
0	0	0
0	0	0
0	0	0
0	0	0
0	0	0
0	0	0
0	0	0
0	0	0
0	0	0
0	0	0
0	0	0
0	0	0
0	0	0
0	0	0
0	0	0
0	0	0
0	0	0
0	0	0
0	0	0
0	0	0
0	0	0
0	0	0
0	0	0
0	0	0
0	0	0
0	0	0
0	0	0
0	0	0
0	0	0
0	0	0
0	0	0
0	0	0
0	0	0
0	0	0
0	0	0
0	0	0
0	0	0
0	0	0
0	0	0
0	0	0
0	0	0
0	0	0
0	0	0
0	0	0
0	0	0
0	0	0
0	0	0
0	0	0
0	0	0
0	0	0
0	0	0
0	0	0
0	0	0
0	0	0
0	0	0
0	0	0
0	0	0
0	0	0
0	0	0
0	0	0
0	0	0
0	0	0
0	0	0
0	0	0
0	0	0
0	0	0
0	0	0
0	0	0
0	0	0
0	0	0
0	0	0
0	0	0
0	0	0
0	0	0
0	0	0
0	0	0
0	0	0
0	0	0
0	0	0
0	0	0
0	0	0
0	0	0
0	0	0
0	0	0
0	0	0
0	0	0
0	0	0
0	0	0
0	0	0
0	0	0
0	0	0
0	0	0
0	0	0
0	0	0
0	0	0
0	0	0
0	0	0
0	0	0
0	0	0
0	0	0
0	0	0
0	0	0
0	0	0
0	0	0
0	0	0
0	0	0
0	0	0
0	0	0
0	0	0
0	0	0
0	0	0
0	0	0
0	0	0
0	0	0
0	0	0
0	0	0
0	0	0
0	0	0
0	0	0
0	0	0
0	0	0
0	0	0
0	0	0
0	0	0
0	0	0
0	0	0
0	0	0
0	0	0
0	0	0
0	0	0
0	0	0
0	0	0
0	0	0
0	0	0
0	0	0
0	0	0
0	0	0
0	0	0
0	0	0
0	0	0
0	0	0
0	0	0
0	0	0
0	0	0
0	0	0
0	0	0
0	0	0
0	0	0
0	0	0
0	0	0
0	0	0
0	0	0
0	0	0
0	0	0
0	0	0
0	0	0
0	0	0
0	0	0
0	0	0
0	0	0
0	0	0
0	0	0
0	0	0
0	0	0
0	0	0
0	0	0
0	0	0
0	0	0
0	0	0
0	0	0
0	0	0
0	0	0
0	0	0
0	0	0
0	0	0
0	0	0
0	0	0
0	0	0
0	0	0
0	0	0
0	0	0
0	0	0
0	0	0
0	0	0
0	0	0
0	0	0
0	0	0
0	0	0
0	0	0
0	0	0
0	0	0
0	0	0
0	0	0
0	0	0
0	0	0
0	0	0
0	0	0
0	0	0
0	0	0
0	0	0
0	0	0
0	0	0
0	0	0
0	0	0
0	0	0
0	0	0
0	0	0
0	0	0
0	0	0
0	0	0
0	0	0
0	0	0
0	0	0
0	0	0
0	0	0
0	0	0
0	0	0
0	0	0
0	0	0
0	0	0
0	0	0
0	0	0
0	0	0
0	0	0
0	0	0
0	0	0
0	0	0
0	0	0
0	0	0
0	0	0
0	0	0
0	0	0
0	0	0
0	0	0
0	0	0
0	0	0
0	0	0
0	0	0
0	0	0
0	0	0
0	0	0
0	0	0
0	0	0
0	0	0
0	0	0
0	0	0
0	0	0
0	0	0
0	0	0
0	0	0
0	0	0
0	0	0
0	0	0
0	0	0
0	0	0
0	0	0
0	0	0
0	0	0
0	0	0
0	0	0
0	0	0
0	0	0
0	0	0
0	0	0
0	0	0
0	0	0
0	0	0
0	0	0
0	0	0
0	0	0
0	0	0
0	0	0
0	0	0
0	0	0
0	0	0
0	0	0
0	0	0
0	0	0
0	0	0
0	0	0
0	0	0
0	0	0
0	0	0
0	0	0
0	0	0
0	0	0
0	0	0
0	0	0
0	0	0
0	0	0
0	0	0
0	0	0
0	0	0
0	0	0
0	0	0
0	0	0
0	0	0
0	0	0
0	0	0
0	0	0
0	0	0
0	0	0
0	0	0
0	0	0
0	0	0
0	0	0
0	0	0
0	0	0
0	0	0
0	0	0
0	0	0
0	0	0
0	0	0
0	0	0
0	0	0
0	0	0
0	0	0
0	0	0
0	0	0
0	0	0
0	0	0
0	0	0
0	0	0
0	0	0
0	0	0
0	0	0
0	0	0
0	0	0
0	0	0
0	0	0
0	0	0
0	0	0
0	0	0
0	0	0
0	0	0
0	0	0
0	0	0
0	0	0
0	0	0
0	0	0
0	0	0
0	0	0
0	0	0
0	0	0
0	0	0
0	0	0
0	0	0
0	0	0
0	0	0
0	0	0
0	0	0
0	0	0
0	0	0
0	0	0
0	0	0
0	0	0
0	0	0
0	0	0
0	0	0
0	0	0
0	0	0
0	0	0
0	0	0
0	0	0
0	0	0
0	0	0
0	0	0
0	0	0
0	0	0
0	0	0
0	0	0
0	0	0
0	0	0
0	0	0
0	0	0
0	0	0
0	0	0
0	0	0
0	0	0
0	0	0
0	0	0
0	0	0
0	0	0
0	0	0
0	0	0
0	0	0
0	0	0
0	0	0
0	0	0
0	0	0
0	0	0
0	0	0
0	0	0
0	0	0
0	0	0
0	0	0
0	0	0
0	0	0
0	0	0
0	0	0
0	0	0
0	0	0
0	0	0
0	0	0
0	0	0
0	0	0
0	0	0
0	0	0
0	0	0
0	0	0
0	0	0
0	0	0
0	0	0
0	0	0
0	0	0
0	0	0
0	0	0
0	0	0
0	0	0
0	0	0
0	0	0
0	0	0
0	0	0
0	0	0
0	0	0
0	0	0
0	0	0
0	0	0
0	0	0
0	0	0
0	0	0
0	0	0
0	0	0
0	0	0
0	0	0
0	0	0
0	0	0
0	0	0
0	0	0
0	0	0
0	0	0
0	0	0
0	0	0
0	0	0
0	0	0
0	0	0
0	0	0
0	0	0
0	0	0
0	0	0
0	0	0
0	0	0
0	0	0
0	0	0
0	0	0
0	0	0
0	0	0
0	0	0
0	0	0
0	0	0
0	0	0
0	0	0
0	0	0
0	0	0
0	0	0
0	0	0
0	0	0
0	0	0
0	0	0
0	0	0
0	0	0
0	0	0
0	0	0
0	0	0
0	0	0
0	0	0
0	0	0
0	0	0
0	0	0
0	0	0
0	0	0
0	0	0
0	0	0
0	0	0
0	0	0
0	0	0
0	0	0
0	0	0
0	0	0
0	0	0
0	0	0
0	0	0
0	0	0
0	0	0
0	0	0
0	0	0
0	0	0
0	0	0
0	0	0
0	0	0
0	0	0
0	0	0
0	0	0
0	0	0
0	0	0
0	0	0
0	0	0
0	0	0
0	0	0
0	0	0
0	0	0
0	0	0
0	0	0
0	0	0
0	0	0
0	0	0
0	0	0
0	0	0
0	0	0
0	0	0
0	0	0
0	0	0
0	0	0
0	0	0
0	0	0
0	0	0
0	0	0
0	0	0
0	0	0
0	0	0
0	0	0
0	0	0
0	0	0
0	0	0
0	0	0
0	0	0
0	0	0
0	0	0
0	0	0
0	0	0
0	0	0
0	0	0
0	0	0
0	0	0
0	0	0
0	0	0
0	0	0
0	0	0
0	0	0
0	0	0
0	0	0
0	0	0
0	0	0
0	0	0
0	0	0
0	0	0
0	0	0
0	0	0
0	0	0
0	0	0
0	0	0
0	0	0
0	0	0
0	0	0
0	0	0
0	0	0
0	0	0
0	0	0
0	0	0
0	0	0
0	0	0
0	0	0
0	0	0
0	0	0
0	0	0
0	0	0
0	0	0
0	0	0
0	0	0
0	0	0
0	0	0
0	0	0
0	0	0
0	0	0
0	0	0
0	0	0
0	0	0
0	0	0
0	0	0
0	0	0
0	0	0
0	0	0
0	0	0
0	0	0
0	0	0
0	0	0
0	0	0
0	0	0
0	0	0
0	0	0
0	0	0
0	0	0
0	0	0
0	0	0
0	0	0
0	0	0
0	0	0
0	0	0
0	0	0
0	0	0
0	0	0
0	0	0
0	0	0
0	0	0
0	0	0
0	0	0
0	0	0
0	0	0
0	0	0
0	0	0
0	0	0
0	0	0
0	0	0
0	0	0
0	0	0
0	0	0
0	0	0
0	0	0
0	0	0
0	0	0
0	0	0
0	0	0
0	0	0
0	0	0
0	0	0
0	0	0
0	0	0
0	0	0
0	0	0
0	0	0
0	0	0
0	0	0
0	0	0
0	0	0
0	0	0
0	0	0
0	0	0
0	0	0
0	0	0
0	0	0
0	0	0
0	0	0
0	0	0
0	0	0
0	0	0
0	0	0
0	0	0
0	0	0
0	0	0
0	0	0
0	0	0
0	0	0
0	0	0
0	0	0
0	0	0
0	0	0
0	0	0
0	0	0
0	0	0
0	0	0
0	0	0
0	0	0
0	0	0
0	0	0
0	0	0
0	0	0
0	0	0
0	0	0
0	0	0
0	0	0
0	0	0
0	0	0
0	0	0
0	0	0
0	0	0
0	0	0
0	0	0
0	0	0
0	0	0
0	0	0
0	0	0
0	0	0
0	0	0
0	0	0
0	0	0
0	0	0
0	0	0
0	0	0
0	0	0
0	0	0
0	0	0
0	0	0
0	0	0
0	0	0
0	0	0
0	0	0
0	0	0
0	0	0
0	0	0
0	0	0
0	0	0
0	0	0
0	0	0
0	0	0
0	0	0
0	0	0
0	0	0
0	0	0
0	0	0
0	0	0
0	0	0
0	0	0
0	0	0
0	0	0
0	0	0
0	0	0
0	0	0
0	0	0
0	0	0
0	0	0
0	0	0
0	0	0
0	0	0
0	0	0
0	0	0
0	0	0
0	0	0
0	0	0
0	0	0
0	0	0
0	0	0
0	0	0
0	0	0
0	0	0
0	0	0
0	0	0
0	0	0
0	0	0
0	0	0
0	0	0
0	0	0
0	0	0
0	0	0
0	0	0
0	0	0
0	0	0
0	0	0
0	0	0
0	0	0
0	0	0
0	0	0
0	0	0
0	0	0
0	0	0
0	0	0
0	0	0
0	0	0
0	0	0
0	0	0
0	0	0
0	0	0
0	0	0
0	0	0
0	0	0
0	0	0
0	0	0
0	0	0
0	0	0
0	0	0
0	0	0
0	0	0
0	0	0
0	0	0
0	0	0
0	0	0
0	0	0
0	0	0
0	0	0
0	0	0
0	0	0
0	0	0
0	0	0
0	0	0
0	0	0
0	0	0
0	0	0
0	0	0
0	0	0
0	0	0
0	0	0
0	0	0
0	0	0
0	0	0
0	0	0
0	0	0
0	0	0
0	0	0
0	0	0
0	0	0
0	0	0
0	0	0
0	0	0
0	0	0
0	0	0
0	0	0
0	0	0
0	0	0
0	0	0
0	0	0
0	0	0
0	0	0
0	0	0
0	0	0
0	0	0
0	0	0
0	0	0
0	0	0
0	0	0
0	0	0
0	0	0
0	0	0
0	0	0
0	0	0
0	0	0
0	0	0
0	0	0
0	0	0
0	0	0
0	0	0
0	0	0
0	0	0
0	0	0
0	0	0
0	0	0
0	0	0
0	0	0
0	0	0
0	0	0
0	0	0
0	0	0
0	0	0
0	0	0
0	0	0
0	0	0
0	0	0
0	0	0
0	0	0
0	0	0
0	0	0
0	0	0
0	0	0
0	0	0
0	0	0
0	0	0
0	0	0
0	0	0
0	0	0
0	0	0
0	0	0
0	0	0
0	0	0
0	0	0
0	0	0
0	0	0
0	0	0
0	0	0
0	0	0
0	0	0
0	0	0
0	0	0
0	0	0
0	0	0
0	0	0
0	0	0
0	0	0
0	0	0
0	0	0
0	0	0
0	0	0
0	0	0
0	0	0
0	0	0
0	0	0
0	0	0
0	0	0
0	0	0
0	0	0
0	0	0
0	0	0
0	0	0
0	0	0
0	0	0
0	0	0
0	0	0
0	0	0
0	0	0
0	0	0
0	0	0
0	0	0
0	0	0
0	0	0
0	0	0
0	0	0
0	0	0
0	0	0
0	0	0
0	0	0
0	0	0
0	0	0
0	0	0
0	0	0
0	0	0
0	0	0
0	0	0
0	0	0
0	0	0
0	0	0
0	0	0
0	0	0
0	0	0
0	0	0
0	0	0
0	0	0
0	0	0
0	0	0
0	0	0
0	0	0
0	0	0
0	0	0
0	0	0
0	0	0
0	0	0
0	0	0
0	0	0
0	0	0
0	0	0
0	0	0
0	0	0
0	0	0
0	0	0
0	0	0
0	0	0
0	0	0
0	0	0
0	0	0
0	0	0
0	0	0
0	0	0
0	0	0
0	0	0
0	0	0
0	0	0
0	0	0
0	0	0
0	0	0
0	0	0
0	0	0
0	0	0
0	0	0
0	0	0
0	0	0
0	0	0
0	0	0
0	0	0
0	0	0
0	0	0
0	0	0
0	0	0
0	0	0
0	0	0
0	0	0
0	0	0
0	0	0
0	0	0
0	0	0
0	0	0
0	0	0
0	0	0
0	0	0
0	0	0
0	0	0
0	0	0
0	0	0
0	0	0
0	0	0
0	0	0
0	0	0
0	0	0
0	0	0
0	0	0
0	0	0
0	0	0
0	0	0
0	0	0
0	0	0
0	0	0
0	0	0
0	0	0
0	0	0
0	0	0
0	0	0
0	0	0
0	0	0
0	0	0
0	0	0
0	0	0
0	0	0
0	0	0
0	0	0
0	0	0
0	0	0
0	0	0
0	0	0
0	0	0
0	0	0
0	0	0
0	0	0
0	0	0
0	0	0
0	0	0
0	0	0
0	0	0
0	0	0
0	0	0
0	0	0
0	0	0
0	0	0
0	0	0
0	0	0
0	0	0
0	0	0
0	0	0
0	0	0
0	0	0
0	0	0
0	0	0
0	0	0
0	0	0
0	0	0
0	0	0
0	0	0
0	0	0
0	0	0
0	0	0
0	0	0
0	0	0
0	0	0
0	0	0
0	0	0
0	0	0
0	0	0
0	0	0
0	0	0
0	0	0
0	0	0
0	0	0
0	0	0
0	0	0
0	0	0
0	0	0
0	0	0
0	0	0
0	0	0
0	0	0
0	0	0
0	0	0
0	0	0
0	0	0
0	0	0
0	0	0
0	0	0
0	0	0
0	0	0
0	0	0
0	0	0
0	0	0
0	0	0
0	0	0
0	0	0
0	0	0
0	0	0
0	0	0
0	0	0
0	0	0
0	0	0
0	0	0
0	0	0
0	0	0
0	0	0
0	0	0
0	0	0
0	0	0
0	0	0
0	0	0
0	0	0
0	0	0
0	0	0
0	0	0
0	0	0
0	0	0
0	0	0
0	0	0
0	0	0
0	0	0
0	0	0
0	0	0
0	0	0
0	0	0
0	0	0
0	0	0
0	0	0
0	0	0
0	0	0
0	0	0
0	0	0
0	0	0
0	0	0
0	0	0
0	0	0
0	0	0
0	0	0
0	0	0
0	0	0
0	0	0
0	0	0
0	0	0
0	0	0
0	0	0
0	0	0
0	0	0
0	0	0
0	0	0
0	0	0
0	0	0
0	0	0
0	0	0
0	0	0
0	0	0
0	0	0
0	0	0
0	0	0
0	0	0
0	0	0
0	0	0
0	0	0
0	0	0
0	0	0
0	0	0
0	0	0
0	0	0
0	0	0
0	0	0
0	0	0
0	0	0
0	0	0
0	0	0
0	0	0
0	0	0
0	0	0
0	0	0
0	0	0
0	0	0
0	0	0
0	0	0
0	0	0
0	0	0
0	0	0
0	0	0
0	0	0
0	0	0
0	0	0
0	0	0
0	0	0
0	0	0
0	0	0
0	0	0
0	0	0
0	0	0
0	0	0
0	0	0
0	0	0
0	0	0
0	0	0
0	0	0
0	0	0
0	0	0
0	0	0
0	0	0
0	0	0
0	0	0
0	0	0
0	0	0
0	0	0
0	0	0
0	0	0
0	0	0
0	0	0
0	0	0
0	0	0
0	0	0
0	0	0
0	0	0
0	0	0
0	0	0
0	0	0
0	0	0
0	0	0
0	0	0
0	0	0
0	0	0
0	0	0
0	0	0
0	0	0
0	0	0
0	0	0
0	0	0
0	0	0
0	0	0
0	0	0
0	0	0
0	0	0
0	0	0
0	0	0
0	0	0
0	0	0
0	0	0
0	0	0
0	0	0
0	0	0
0	0	0
0	0	0
0	0	0
0	0	0
0	0	0
0	0	0
0	0	0
0	0	0
0	0	0
0	0	0
0	0	0
0	0	0
0	0	0
0	0	0
0	0	0
0	0	0
0	0	0
0	0	0
0	0	0
0	0	0
0	0	0
0	0	0
0	0	0
0	0	0
0	0	0
0	0	0
0	0	0
0	0	0
0	0	0
0	0	0
0	0	0
0	0	0
0	0	0
0	0	0
0	0	0
0	0	0
0	0	0
0	0	0
0	0	0
0	0	0
0	0	0
0	0	0
0	0	0
0	0	0
0	0	0
0	0	0
0	0	0
0	0	0
0	0	0
0	0	0
0	0	0
0	0	0
0	0	0
0	0	0
0	0	0
0	0	0
0	0	0
0	0	0
0	0	0
0	0	0
0	0	0
0	0	0
0	0	0
0	0	0
0	0	0
0	0	0
0	0	0
0	0	0
0	0	0
0	0	0
0	0	0
0	0	0
0	0	0
0	0	0
0	0	0
0	0	0
0	0	0
0	0	0
0	0	0
0	0	0
0	0	0
0	0	0
0	0	0
0	0	0
0	0	0
0	0	0
0	0	0
0	0	0
0	0	0
0	0	0
0	0	0
0	0	0
0	0	0
0	0	0
0	0	0
0	0	0
0	0	0
0	0	0
0	0	0
0	0	0
0	0	0
0	0	0
0	0	0
0	0	0
0	0	0
0	0	0
0	0	0
0	0	0
0	0	0
0	0	0
0	0	0
0	0	0
0	0	0
0	0	0
0	0	0
0	0	0
0	0	0
0	0	0
0	0	0
0	0	0
0	0	0
0	0	0
0	0	0
0	0	0
0	0	0
0	0	0
0	0	0
0	0	0
0	0	0
0	0	0
0	0	0
0	0	0
0	0	0
0	0	0
0	0	0
0	0	0
0	0	0
0	0	0
0	0	0
0	0	0
0	0	0
0	0	0
0	0	0
0	0	0
0	0	0
0	0	0
0	0	0
0	0	0
0	0	0
0	0	0
0	0	0
0	0	0
0	0	0
0	0	0
0	0	0
0	0	0
0	0	0
0	0	0
0	0	0
0	0	0
0	0	0
0	0	0
0	0	0
0	0	0
0	0	0
0	0	0
0	0	0
0	0	0
0	0	0
0	0	0
0	0	0
0	0	0
0	0	0
0	0	0
0	0	0
0	0	0
0	0	0
0	0	0
0	0	0
0	0	0
0	0	0
0	0	0
0	0	0
0	0	0
0	0	0
0	0	0
0	0	0
0	0	0
0	0	0
0	0	0
0	0	0
0	0	0
0	0	0
0	0	0
0	0	0
0	0	0
0	0	0
0	0	0
0	0	0
0	0	0
0	0	0
0	0	0
0	0	0
0	0	0
0	0	0
0	0	0
0	0	0
0	0	0
0	0	0
0	0	0
0	0	0
0	0	0
0	0	0
0	0	0
0	0	0
0	0	0
0	0	0
0	0	0
0	0	0
0	0	0
0	0	0
0	0	0
0	0	0
0	0	0
0	0	0
0	0	0
0	0	0
0	0	0
0	0	0
0	0	0
0	0	0
0	0	0
0	0	0
0	0	0
0	0	0
0	0	0
0	0	0
0	0	0
0	0	0
0	0	0
0	0	0
0	0	0
0	0	0
0	0	0
0	0	0
0	0	0
0	0	0
0	0	0
0	0	0
0	0	0
0	0	0
0	0	0
0	0	0
0	0	0
0	0	0
0	0	0
0	0	0
0	0	0
0	0	0
0	0	0
0	0	0
0	0	0
0	0	0
0	0	0
0	0	0
0	0	0
0	0	0
0	0	0
0	0	0
0	0	0
0	0	0
0	0	0
0	0	0
0	0	0
0	0	0
0	0	0
0	0	0
0	0	0
0	0	0
0	0	0
0	0	0
0	0	0
0	0	0
0	0	0
0	0	0
0	0	0
0	0	0
0	0	0
0	0	0
0	0	0
0	0	0
0	0	0
0	0	0
0	0	0
0	0	0
0	0	0
0	0	0
0	0	0
0	0	0
0	0	0
0	0	0
0	0	0
0	0	0
0	0	0
0	0	0
0	0	0
0	0	0
0	0	0
0	0	0
0	0	0
0	0	0
0	0	0
0	0	0
0	0	0
0	0	0
0	0	0
0	0	0
0	0	0
0	0	0
0	0	0
0	0	0
0	0	0
0	0	0
0	0	0
0	0	0
0	0	0
0	0	0
0	0	0
0	0	0
0	0	0
0	0	0
0	0	0
0	0	0
0	0	0
0	0	0
0	0	0
0	0	0
0	0	0
0	0	0
0	0	0
0	0	0
0	0	0
0	0	0
0	0	0
0	0	0
0	0	0
0	0	0
0	0	0
0	0	0
0	0	0
0	0	0
0	0	0
0	0	0
0	0	0
0	0	0
0	0	0
0	0	0
0	0	0
0	0	0
0	0	0
0	0	0
0	0	0
0	0	0
0	0	0
0	0	0
0	0	0
0	0	0
0	0	0
0	0	0
0	0	0
0	0	0
0	0	0
0	0	0
0	0	0
0	0	0
0	0	0
0	0	0
0	0	0
0	0	0
0	0	0
0	0	0
0	0	0
0	0	0
0	0	0
0	0	0
0	0	0
0	0	0
0	0	0
0	0	0
0	0	0
0	0	0
0	0	0
0	0	0
0	0	0
0	0	0
0	0	0
0	0	0
0	0	0
0	0	0
0	0	0
0	0	0
0	0	0
0	0	0
0	0	0
0	0	0
0	0	0
0	0	0
0	0	0
0	0	0
0	0	0
0	0	0
0	0	0
0	0	0
0	0	0
0	0	0
0	0	0
0	0	0
0	0	0
0	0	0
0	0	0
0	0	0
0	0	0
0	0	0
0	0	0
0	0	0
0	0	0
0	0	0
0	0	0
0	0	0
0	0	0
0	0	0
0	0	0
0	0	0
0	0	0
0	0	0
0	0	0
0	0	0
0	0	0
0	0	0
0	0	0
0	0	0
0	0	0
0	0	0
0	0	0
0	0	0
0	0	0
0	0	0
0	0	0
0	0	0
0	0	0
0	0	0
0	0	0
0	0	0
0	0	0
0	0	0
0	0	0
0	0	0
0	0	0
0	0	0
0	0	0
0	0	0
0	0	0
0	0	0
0	0	0
0	0	0
0	0	0
0	0	0
0	0	0
0	0	0
0	0	0
0	0	0
0	0	0
0	0	0
0	0	0
0	0	0
0	0	0
0	0	0
0	0	0
0	0	0
0	0	0
0	0	0
0	0	0
0	0	0
0	0	0
0	0	0
0	0	0
0	0	0
0	0	0
0	0	0
0	0	0
0	0	0
0	0	0
0	0	0
0	0	0
0	0	0
0	0	0
0	0	0
0	0	0
0	0	0
0	0	0
0	0	0
0	0	0
0	0	0
0	0	0
0	0	0
0	0	0
0	0	0
0	0	0
0	0	0
0	0	0
0	0	0
0	0	0
0	0	0
0	0	0
0	0	0
0	0	0
0	0	0
0	0	0
0	0	0
0	0	0
0	0	0
0	0	0
0	0	0
0	0	0
0	0	0
0	0	0
0	0	0
0	0	0
0	0	0
0	0	0
0	0	0
0	0	0
0	0	0
0	0	0
0	0	0
0	0	0
0	0	0
0	0	0
0	0	0
0	0	0
0	0	0
0	0	0
0	0	0
0	0	0
0	0	0
0	0	0
0	0	0
0	0	0
0	0	0
0	0	0
0	0	0
0	0	0
0	0	0
0	0	0
0	0	0
0	0	0
0	0	0
0	0	0
0	0	0
0	0	0
0	0	0
0	0	0
0	0	0
0	0	0
0	0	0
0	0	0
0	0	0
0	0	0
0	0	0
0	0	0
0	0	0
0	0	0
0	0	0
0	0	0
0	0	0
0	0	0
0	0	0
0	0	0
0	0	0
0	0	0
0	0	0
0	0	0
0	0	0
0	0	0
0	0	0
0	0	0
0	0	0
0	0	0
0	0	0
0	0	0
0	0	0
0	0	0
0	0	0
0	0	0
0	0	0
0	0	0
0	0	0
0	0	0
0	0	0
0	0	0
0	0	0
0	0	0
0	0	0
0	0	0
0	0	0
0	0	0
0	0	0
0	0	0
0	0	0
0	0	0
0	0	0
0	0	0
0	0	0
0	0	0
0	0	0
0	0	0
0	0	0
0	0	0
0	0	0
0	0	0
0	0	0
0	0	0
0	0	0
0	0	0
0	0	0
0	0	0
0	0	0
0	0	0
0	0	0
0	0	0
0	0	0
0	0	0
0	0	0
0	0	0
0	0	0
0	0	0
0	0	0
0	0	0
0	0	0
0	0	0
0	0	0
0	0	0
0	0	0
0	0	0
0	0	0
0	0	0
0	0	0
0	0	0
0	0	0
0	0	0
0	0	0
0	0	0
0	0	0
0	0	0
0	0	0
0	0	0
0	0	0
0	0	0
0	0	0
0	0	0
0	0	0
0	0	0
0	0	0
0	0	0
0	0	0
0	0	0
0	0	0
0	0	0
0	0	0
0	0	0
0	0	0
0	0	0
0	0	0
0	0	0
0	0	0
0	0	0
0	0	0
0	0	0
0	0	0
0	0	0
0	0	0
0	0	0
0	0	0
0	0	0
0	0	0
0	0	0
0	0	0
0	0	0
0	0	0
0	0	0
0	0	0
0	0	0
0	0	0
0	0	0
0	0	0
0	0	0
0	0	0
0	0	0
0	0	0
0	0	0
0	0	0
0	0	0
0	0	0
0	0	0
0	0	0
0	0	0
0	0	0
0	0	0
0	0	0
0	0	0
0	0	0
0	0	0
0	0	0
0	0	0
0	0	0
0	0	0
0	0	0
0	0	0
0	0	0
0	0	0
0	0	0
0	0	0
0	0	0
0	0	0
0	0	0
0	0	0
0	0	0
0	0	0
0	0	0
0	0	0
0	0	0
0	0	0
0	0	0
0	0	0
0	0	0
0	0	0
0	0	0
0	0	0
0	0	0
0	0	0
0	0	0
0	0	0
0	0	0
0	0	0
0	0	0
0	0	0
0	0	0
0	0	0
0	0	0
0	0	0
0	0	0
0	0	0
0	0	0
0	0	0
0	0	0
0	0	0
0	0	0
0	0	0
0	0	0
0	0	0
0	0	0
0	0	0
0	0	0
0	0	0
0	0	0
0	0	0
0	0	0
0	0	0
0	0	0
0	0	0
0	0	0
0	0	0
0	0	0
0	0	0
0	0	0
0	0	0
0	0	0
0	0	0
0	0	0
0	0	0
0	0	0
0	0	0
0	0	0
0	0	0
0	0	0
0	0	0
0	0	0
0	0	0
0	0	0
0	0	0
0	0	0
0	0	0
0	0	0
0	0	0
0	0	0
0	0	0
0	0	0
0	0	0
0	0	0
0	0	0
0	0	0
0	0	0
0	0	0
0	0	0
0	0	0
0	0	0
0	0	0
0	0	0
0	0	0
0	0	0
0	0	0
0	0	0
0	0	0
0	0	0
0	0	0
0	0	0
0	0	0
0	0	0
0	0	0
0	0	0
0	0	0
0	0	0
0	0	0
0	0	0
0	0	0
0	0	0
0	0	0
0	0	0
0	0	0
0	0	0
0	0	0
0	0	0
0	0	0
0	0	0
0	0	0
0	0	0
0	0	0
0	0	0
0	0	0
0	0	0
0	0	0
0	0	0
0	0	0
0	0	0
0	0	0
0	0	0
0	0	0
0	0	0
0	0	0
0	0	0
0	0	0
0	0	0
0	0	0
0	0	0
0	0	0
0	0	0
0	0	0
0	0	0
0	0	0
0	0	0
0	0	0
0	0	0
0	0	0
0	0	0
0	0	0
0	0	0
0	0	0
0	0	0
0	0	0
0	0	0
0	0	0
0	0	0
0	0	0
0	0	0
0	0	0
0	0	0
0	0	0
0	0	0
0	0	0
0	0	0
0	0	0
0	0	0
0	0	0
0	0	0
0	0	0
0	0	0
0	0	0
0	0	0
0	0	0
0	0	0
0	0	0
0	0	0
0	0	0
0	0	0
0	0	0
0	0	0
0	0	0
0	0	0
0	0	0
0	0	0
0	0	0
0	0	0
0	0	0
0	0	0
0	0	0
0	0	0
0	0	0
0	0	0
0	0	0
0	0	0
0	0	0
0	0	0
0	0	0
0	0	0
0	0	0
0	0	0
0	0	0
0	0	0
0	0	0
0	0	0
0	0	0
0	0	0
0	0	0
0	0	0
0	0	0
0	0	0
0	0	0
0	0	0
0	0	0
0	0	0
0	0	0
0	0	0
0	0	0
0	0	0
0	0	0
0	0	0
0	0	0
0	0	0
0	0	0
0	0	0
0	0	0
0	0	0
0	0	0
0	0	0
0	0	0
0	0	0
0	0	0
0	0	0
0	0	0
0	0	0
0	0	0
0	0	0
0	0	0
0	0	0
0	0	0
0	0	0
0	0	0
0	0	0
0	0	0
0	0	0
0	0	0
0	0	0
0	0	0
0	0	0
0	0	0
0	0	0
0	0	0
0	0	0
0	0	0
0	0	0
0	0	0
0	0	0
0	0	0
0	0	0
0	0	0
0	0	0
0	0	0
0	0	0
0	0	0
0	0	0
0	0	0
0	0	0
0	0	0
0	0	0
0	0	0
0	0	0
0	0	0
0	0	0
0	0	0
0	0	0
0	0	0
0	0	0
0	0	0
0	0	0
0	0	0
0	0	0
0	0	0
0	0	0
0	0	0
0	0	0
0	0	0
0	0	0
0	0	0
0	0	0
0	0	0
0	0	0
0	0	0
0	0	0
0	0	0
0	0	0
0	0	0
0	0	0
0	0	0
0	0	0
0	0	0
0	0	0
0	0	0
0	0	0
0	0	0
0	0	0
0	0	0
0	0	0
0	0	0
0	0	0
0	0	0
0	0	0
0	0	0
0	0	0
0	0	0
0	0	0
0	0	0
0	0	0
0	0	0
0	0	0
0	0	0
0	0	0
0	0	0
0	0	0
0	0	0
0	0	0
0	0	0
0	0	0
0	0	0
0	0	0
0	0	0
0	0	0
0	0	0
0	0	0
0	0	0
0	0	0
0	0	0
0	0	0
0	0	0
0	0	0
0	0	0
0	0	0
0	0	0
0	0	0
0	0	0
0	0	0
0	0	0
0	0	0
0	0	0
0	0	0
0	0	0
0	0	0
0	0	0
0	0	0
0	0	0
0	0	0
0	0	0
0	0	0
0	0	0
0	0	0
0	0	0
0	0	0
0	0	0
0	0	0
0	0	0
0	0	0
0	0	0
0	0	0
0	0	0
0	0	0
0	0	0
0	0	0
0	0	0
0	0	0
0	0	0
0	0	0
0	0	0
0	0	0
0	0	0
0	0	0
0	0	0
0	0	0
0	0	0
0	0	0
0	0	0
0	0	0
0	0	0
0	0	0
0	0	0
0	0	0
0	0	0
0	0	0
0	0	0
0	0	0
0	0	0
0	0	0
0	0	0
0	0	0
0	0	0
0	0	0
0	0	0
0	0	0
0	0	0
0	0	0
0	0	0
0	0	0
0	0	0
0	0	0
0	0	0
0	0	0
0	0	0
0	0	0
0	0	0
0	0	0
0	0	0
0	0	0
0	0	0
0	0	0
0	0	0
0	0	0
0	0	0
0	0	0
0	0	0
0	0	0
0	0	0
0	0	0
0	0	0
0	0	0
0	0	0
0	0	0
0	0	0
0	0	0
0	0	0
0	0	0
0	0	0
0	0	0
0	0	0
0	0	0
0	0	0
0	0	0
0	0	0
0	0	0
0	0	0
0	0	0
0	0	0
0	0	0
0	0	0
0	0	0
0	0	0
0	0	0
0	0	0
0	0	0
0	0	0
0	0	0
0	0	0
0	0	0
0	0	0
0	0	0
0	0	0
0	0	0
0	0	0
0	0	0
0	0	0
0	0	0
0	0	0
0	0	0
0	0	0
0	0	0
0	0	0
0	0	0
0	0	0
0	0	0
0	0	0
0	0	0
0	0	0
0	0	0
0	0	0
0	0	0
0	0	0
0	0	0
0	0	0
0	0	0
0	0	0
0	0	0
0	0	0
0	0	0
0	0	0
0	0	0
0	0	0
0	0	0
0	0	0
0	0	0
0	0	0
0	0	0
0	0	0
0	0	0
0	0	0
0	0	0
0	0	0
0	0	0
0	0	0
0	0	0
0	0	0
0	0	0
0	0	0
0	0	0
0	0	0
0	0	0
0	0	0
0	0	0
0	0	0
0	0	0
0	0	0
0	0	0
0	0	0
0	0	0
0	0	0
0	0	0
0	0	0
0	0	0
0	0	0
0	0	0
0	0	0
0	0	0
0	0	0
0	0	0
0	0	0
0	0	0
0	0	0
0	0	0
0	0	0
0	0	0
0	0	0
0	0	0
0	0	0
0	0	0
0	0	0
0	0	0
0	0	0
0	0	0
0	0	0
0	0	0
0	0	0
0	0	0
0	0	0
0	0	0
0	0	0
0	0	0
0	0	0
0	0	0
0	0	0
0	0	0
0	0	0
0	0	0
0	0	0
0	0	0
0	0	0
0	0	0
0	0	0
0	0	0
0	0	0
0	0	0
0	0	0
0	0	0
0	0	0
0	0	0
0	0	0
0	0	0
0	0	0
0	0	0
0	0	0
0	0	0
0	0	0
0	0	0
0	0	0
0	0	0
0	0	0
0	0	0
0	0	0
0	0	0
0	0	0
0	0	0
0	0	0
0	0	0
0	0	0
0	0	0
0	0	0
0	0	0
0	0	0
0	0	0
0	0	0
0	0	0
0	0	0
0	0	0
0	0	0
0	0	0
0	0	0
0	0	0
0	0	0
0	0	0
0	0	0
0	0	0
0	0	0
0	0	0
0	0	0
0	0	0
0	0	0
0	0	0
0	0	0
0	0	0
0	0	0
0	0	0
0	0	0
0	0	0
0	0	0
0	0	0
0	0	0
0	0	0
0	0	0
0	0	0
0	0	0
0	0	0
0	0	0
0	0	0
0	0	0
0	0	0
0	0	0
0	0	0
0	0	0
0	0	0
0	0	0
0	0	0
0	0	0
0	0	0
0	0	0
0	0	0
0	0	0
0	0	0
0	0	0
0	0	0
0	0	0
0	0	0
0	0	0
0	0	0
0	0	0
0	0	0
0	0	0
0	0	0
0	0	0
0	0	0
0	0	0
0	0	0
0	0	0
0	0	0
0	0	0
0	0	0
0	0	0
0	0	0
0	0	0
0	0	0
0	0	0
0	0	0
0	0	0
0	0	0
0	0	0
0	0	0
0	0	0
0	0	0
0	0	0
0	0	0
0	0	0
0	0	0
0	0	0
0	0	0
0	0	0
0	0	0
0	0	0
0	0	0
0	0	0
0	0	0
0	0	0
0	0	0
0	0	0
0	0	0
0	0	0
0	0	0
0	0	0
0	0	0
0	0	0
0	0	0
0	0	0
0	0	0
0	0	0
0	0	0
0	0	0
0	0	0
0	0	0
0	0	0
0	0	0
0	0	0
0	0	0
0	0	0
0	0	0
0	0	0
0	0	0
0	0	0
0	0	0
0	0	0
0	0	0
0	0	0
0	0	0
0	0	0
0	0	0
0	0	0
0	0	0
0	0	0
0	0	0
0	0	0
0	0	0
0	0	0
0	0	0
0	0	0
0	0	0
0	0	0
0	0	0
0	0	0
0	0	0
0	0	0
0	0	0
0	0	0
0	0	0
0	0	0
0	0	0
0	0	0
0	0	0
0	0	0
0	0	0
0	0	0
0	0	0
0	0	0
0	0	0
0	0	0
0	0	0
0	0	0
0	0	0
0	0	0
0	0	0
0	0	0
0	0	0
0	0	0
0	0	0
0	0	0
0	0	0
0	0	0
0	0	0
0	0	0
0	0	0
0	0	0
0	0	0
0	0	0
0	0	0
0	0	0
0	0	0
0	0	0
0	0	0
0	0	0
0	0	0
0	0	0
0	0	0
0	0	0
0	0	0
0	0	0
0	0	0
0	0	0
0	0	0
0	0	0
0	0	0
0	0	0
0	0	0
0	0	0
0	0	0
0	0	0
0	0	0
0	0	0
0	0	0
0	0	0
0	0	0
0	0	0
0	0	0
0	0	0
0	0	0
0	0	0
0	0	0
0	0	0
0	0	0
0	0	0
0	0	0
0	0	0
0	0	0
0	0	0
0	0	0
0	0	0
0	0	0
0	0	0
0	0	0
0	0	0
0	0	0
0	0	0
0	0	0
0	0	0
0	0	0
0	0	0
0	0	0
0	0	0
0	0	0
0	0	0
0	0	0
0	0	0
0	0	0
0	0	0
0	0	0
0	0	0
0	0	0
0	0	0
0	0	0
0	0	0
0	0	0
0	0	0
0	0	0
0	0	0
0	0	0
0	0	0
0	0	0
0	0	0
0	0	0
0	0	0
0	0	0
0	0	0
0	0	0
0	0	0
0	0	0
0	0	0
0	0	0
0	0	0
0	0	0
0	0	0
0	0	0
0	0	0
0	0	0
0	0	0
0	0	0
0	0	0
0	0	0
0	0	0
0	0	0
0	0	0
0	0	0
0	0	0
0	0	0
0	0	0
0	0	0
0	0	0
0	0	0
0	0	0
0	0	0
0	0	0
0	0	0
0	0	0
0	0	0
0	0	0
0	0	0
0	0	0
0	0	0
0	0	0
0	0	0
0	0	0
0	0	0
0	0	0
0	0	0
0	0	0
0	0	0
0	0	0
0	0	0
0	0	0
0	0	0
0	0	0
0	0	0
0	0	0
0	0	0
0	0	0
0	0	0
0	0	0
0	0	0
0	0	0
0	0	0
0	0	0
0	0	0
0	0	0
0	0	0
0	0	0
0	0	0
0	0	0
0	0	0
0	0	0
0	0	0
0	0	0
0	0	0
0	0	0
0	0	0
0	0	0
0	0	0
0	0	0
0	0	0
0	0	0
0	0	0
0	0	0
0	0	0
0	0	0
0	0	0
0	0	0
0	0	0
0	0	0
0	0	0
0	0	0
0	0	0
0	0	0
0	0	0
0	0	0
0	0	0
0	0	0
0	0	0
0	0	0
0	0	0
0	0	0
0	0	0
0	0	0
0	0	0
0	0	0
0	0	0
0	0	0
0	0	0
0	0	0
0	0	0
0	0	0
0	0	0
0	0	0
0	0	0
0	0	0
0	0	0
0	0	0
0	0	0
0	0	0
0	0	0
0	0	0
0	0	0
0	0	0
0	0	0
0	0	0
0	0	0
0	0	0
0	0	0
0	0	0
0	0	0
0	0	0
0	0	0
0	0	0
0	0	0
0	0	0
0	0	0
0	0	0
0	0	0
0	0	0
0	0	0
0	0	0
0	0	0
0	0	0
0	0	0
0	0	0
0	0	0
0	0	0
0	0	0
0	0	0
0	0	0
0	0	0
0	0	0
0	0	0
0	0	0
0	0	0
0	0	0
0	0	0
0	0	0
0	0	0
0	0	0
0	0	0
0	0	0
0	0	0
0	0	0
0	0	0
0	0	0
0	0	0
0	0	0
0	0	0
0	0	0
0	0	0
0	0	0
0	0	0
0	0	0
0	0	0
0	0	0
0	0	0
0	0	0
0	0	0
0	0	0
0	0	0
0	0	0
0	0	0
0	0	0
0	0	0
0	0	0
0	0	0
0	0	0
0	0	0
0	0	0
0	0	0
0	0	0
0	0	0
0	0	0
0	0	0
0	0	0
0	0	0
0	0	0
0	0	0
0	0	0
0	0	0
0	0	0
0	0	0
0	0	0
0	0	0
0	0	0
0	0	0
0	0	0
0	0	0
0	0	0
0	0	0
0	0	0
0	0	0
0	0	0
0	0	0
0	0	0
0	0	0
0	0	0
0	0	0
0	0	0
0	0	0
0	0	0
0	0	0
0	0	0
0	0	0
0	0	0
0	0	0
0	0	0
0	0	0
0	0	0
0	0	0
0	0	0
0	0	0
0	0	0
0	0	0
0	0	0
0	0	0
0	0	0
0	0	0
0	0	0
0	0	0
0	0	0
0	0	0
0	0	0
0	0	0
0	0	0
0	0	0
0	0	0
0	0	0
0	0	0
0	0	0
0	0	0
0	0	0
0	0	0
0	0	0
0	0	0
0	0	0
0	0	0
0	0	0
0	0	0
0	0	0
0	0	0
0	0	0
0	0	0
0	0	0
0	0	0
0	0	0
0	0	0
0	0	0
0	0	0
0	0	0
0	0	0
0	0	0
0	0	0
0	0	0
0	0	0
0	0	0
0	0	0
0	0	0
0	0	0
0	0	0
0	0	0
0	0	0
0	0	0
0	0	0
0	0	0
0	0	0
0	0	0
0	0	0
0	0	0
0	0	0
0	0	0
0	0	0
0	0	0
0	0	0
0	0	0
0	0	0
0	0	0
0	0	0
0	0	0
0	0	0
0	0	0
0	0	0
0	0	0
0	0	0
0	0	0
0	0	0
0	0	0
0	0	0
0	0	0
0	0	0
0	0	0
0	0	0
0	0	0
0	0	0
0	0	0
0	0	0
0	0	0
0	0	0
0	0	0
0	0	0
0	0	0
0	0	0
0	0	0
0	0	0
0	0	0
0	0	0
0	0	0
0	0	0
0	0	0
0	0	0
0	0	0
0	0	0
0	0	0
0	0	0
0	0	0
0	0	0
0	0	0
0	0	0
0	0	0
0	0	0
0	0	0
0	0	0
0	0	0
0	0	0
0	0	0
0	0	0
0	0	0
0	0	0
0	0	0
0	0	0
0	0	0
0	0	0
0	0	0
0	0	0
0	0	0
0	0	0
0	0	0
0	0	0
0	0	0
0	0	0
0	0	0
0	0	0
0	0	0
0	0	0
0	0	0
0	0	0
0	0	0
0	0	0
0	0	0
0	0	0
0	0	0
0	0	0
0	0	0
0	0	0
0	0	0
0	0	0
0	0	0
0	0	0
0	0	0
0	0	0
0	0	0
0	0	0
0	0	0
0	0	0
0	0	0
0	0	0
0	0	0
0	0	0
0	0	0
0	0	0
0	0	0
0	0	0
0	0	0
0	0	0
0	0	0
0	0	0
0	0	0
0	0	0
0	0	0
0	0	0
0	0	0
0	0	0
0	0	0
0	0	0
0	0	0
0	0	0
0	0	0
0	0	0
0	0	0
0	0	0
0	0	0
0	0	0
0	0	0
0	0	0
0	0	0
0	0	0
0	0	0
0	0	0
0	0	0
0	0	0
0	0	0
0	0	0
0	0	0
0	0	0
0	0	0
0	0	0
0	0	0
0	0	0
0	0	0
0	0	0
0	0	0
0	0	0
0	0	0
0	0	0
0	0	0
0	0	0
0	0	0
0	0	0
0	0	0
0	0	0
0	0	0
0	0	0
0	0	0
0	0	0
0	0	0
0	0	0
0	0	0
0	0	0
0	0	0
0	0	0
0	0	0
0	0	0
0	0	0
0	0	0
0	0	0
0	0	0
0	0	0
0	0	0
0	0	0
0	0	0
0	0	0
0	0	0
0	0	0
0	0	0
0	0	0
0	0	0
0	0	0
0	0	0
0	0	0
0	0	0
0	0	0
0	0	0
0	0	0
0	0	0
0	0	0
0	0	0
0	0	0
0	0	0
0	0	0
0	0	0
0	0	0
0	0	0
0	0	0
0	0	0
0	0	0
0	0	0
0	0	0
0	0	0
0	0	0
0	0	0
0	0	0
0	0	0
0	0	0
0	0	0
0	0	0
0	0	0
0	0	0
0	0	0
0	0	0
0	0	0
0	0	0
0	0	0
0	0	0
0	0	0
0	0	0
0	0	0
0	0	0
0	0	0
0	0	0
0	0	0
0	0	0
0	0	0
0	0	0
0	0	0
0	0	0
0	0	0
0	0	0
0	0	0
0	0	0
0	0	0
0	0	0
0	0	0
0	0	0
0	0	0
0	0	0
0	0	0
0	0	0
0	0	0
0	0	0
0	0	0
0	0	0
0	0	0
0	0	0
0	0	0
0	0	0
0	0	0
0	0	0
0	0	0
0	0	0
0	0	0
0	0	0
0	0	0
0	0	0
0	0	0
0	0	0
0	0	0
0	0	0
0	0	0
0	0	0
0	0	0
0	0	0
0	0	0
0	0	0
0	0	0
0	0	0
0	0	0
0	0	0
0	0	0
0	0	0
0	0	0
0	0	0
0	0	0
0	0	0
0	0	0
0	0	0
0	0	0
0	0	0
0	0	0
0	0	0
0	0	0
0	0	0
0	0	0
0	0	0
0	0	0
0	0	0
0	0	0
0	0	0
0	0	0
0	0	0
0	0	0
0	0	0
0	0	0
0	0	0
0	0	0
0	0	0
0	0	0
0	0	0
0	0	0
0	0	0
0	0	0
0	0	0
0	0	0
0	0	0
0	0	0
0	0	0
0	0	0
0	0	0
0	0	0
0	0	0
0	0	0
0	0	0
0	0	0
0	0	0
0	0	0
0	0	0
0	0	0
0	0	0
0	0	0
0	0	0
0	0	0
0	0	0
0	0	0
0	0	0
0	0	0
0	0	0
0	0	0
0	0	0
0	0	0
0	0	0
0	0	0
0	0	0
0	0	0
0	0	0
0	0	0
0	0	0
0	0	0
0	0	0
0	0	0
0	0	0
0	0	0
0	0	0
0	0	0
0	0	0
0	0	0
0	0	0
0	0	0
0	0	0
0	0	0
0	0	0
0	0	0
0	0	0
0	0	0
0	0	0
0	0	0
0	0	0
0	0	0
0	0	0
0	0	0
0	0	0
0	0	0
0	0	0
0	0	0
0	0	0
0	0	0
0	0	0
0	0	0
0	0	0
0	0	0
0	0	0
0	0	0
0	0	0
0	0	0
0	0	0
0	0	0
0	0	0
0	0	0
0	0	0
0	0	0
0	0	0
0	0	0
0	0	0
0	0	0
0	0	0
0	0	0
0	0	0
0	0	0
0	0	0
0	0	0
0	0	0
0	0	0
0	0	0
0	0	0
0	0	0
0	0	0
0	0	0
0	0	0
0	0	0
0	0	0
0	0	0
0	0	0
0	0	0
0	0	0
0	0	0
0	0	0
0	0	0
0	0	0
0	0	0
0	0	0
0	0	0
0	0	0
0	0	0
0	0	0
0	0	0
0	0	0
0	0	0
0	0	0
0	0	0
0	0	0
0	0	0
0	0	0
0	0	0
0	0	0
0	0	0
0	0	0
0	0	0
0	0	0
0	0	0
0	0	0
0	0	0
0	0	0
0	0	0
0	0	0
0	0	0
0	0	0
0	0	0
0	0	0
0	0	0
0	0	0
0	0	0
0	0	0
0	0	0
0	0	0
0	0	0
0	0	0
0	0	0
0	0	0
0	0	0
0	0	0
0	0	0
0	0	0
0	0	0
0	0	0
0	0	0
0	0	0
0	0	0
0	0	0
0	0	0
0	0	0
0	0	0
0	0	0
0	0	0
0	0	0
0	0	0
0	0	0
0	0	0
0	0	0
0	0	0
0	0	0
0	0	0
0	0	0
0	0	0
0	0	0
0	0	0
0	0	0
0	0	0
0	0	0
0	0	0
0	0	0
0	0	0
0	0	0
0	0	0
0	0	0
0	0	0
0	0	0
0	0	0
0	0	0
0	0	0
0	0	0
0	0	0
0	0	0
0	0	0
0	0	0
0	0	0
0	0	0
0	0	0
0	0	0
0	0	0
0	0	0
0	0	0
0	0	0
0	0	0
0	0	0
0	0	0
0	0	0
0	0	0
0	0	0
0	0	0
0	0	0
0	0	0
0	0	0
0	0	0
0	0	0
0	0	0
0	0	0
0	0	0
0	0	0
0	0	0
0	0	0
0	0	0
0	0	0
0	0	0
0	0	0
0	0	0
0	0	0
0	0	0
0	0	0
0	0	0
0	0	0
0	0	0
0	0	0
0	0	0
0	0	0
0	0	0
0	0	0
0	0	0
0	0	0
0	0	0
0	0	0
0	0	0
0	0	0
0	0	0
0	0	0
0	0	0
0	0	0
0	0	0
0	0	0
0	0	0
0	0	0
0	0	0
0	0	0
0	0	0
0	0	0
0	0	0
0	0	0
0	0	0
0	0	0
0	0	0
0	0	0
0	0	0
0	0	0
0	0	0
0	0	0
0	0	0
0	0	0
0	0	0
0	0	0
0	0	0
0	0	0
0	0	0
0	0	0
0	0	0
0	0	0
0	0	0
0	0	0
0	0	0
0	0	0
0	0	0
0	0	0
0	0	0
0	0	0
0	0	0
0	0	0
0	0	0
0	0	0
0	0	0
0	0	0
0	0	0
0	0	0
0	0	0
0	0	0
0	0	0
0	0	0
0	0	0
0	0	0
0	0	0
0	0	0
0	0	0
0	0	0
0	0	0
0	0	0
0	0	0
0	0	0
0	0	0
0	0	0
0	0	0
0	0	0
0	0	0
0	0	0
0	0	0
0	0	0
0	0	0
0	0	0
0	0	0
0	0	0
0	0	0
0	0	0
0	0	0
0	0	0
0	0	0
0	0	0
0	0	0
0	0	0
0	0	0
0	0	0
0	0	0
0	0	0
0	0	0
0	0	0
0	0	0
0	0	0
0	0	0
0	0	0
0	0	0
0	0	0
0	0	0
0	0	0
0	0	0
0	0	0
0	0	0
0	0	0
0	0	0
0	0	0
0	0	0
0	0	0
0	0	0
0	0	0
0	0	0
0	0	0
0	0	0
0	0	0
0	0	0
0	0	0
0	0	0
0	0	0
0	0	0
0	0	0
0	0	0
0	0	0
0	0	0
0	0	0
0	0	0
0	0	0
0	0	0
0	0	0
0	0	0
0	0	0
0	0	0
0	0	0
0	0	0
0	0	0
0	0	0
0	0	0
0	0	0
0	0	0
0	0	0
0	0	0
0	0	0
0	0	0
0	0	0
0	0	0
0	0	0
0	0	0
0	0	0
0	0	0
0	0	0
0	0	0
0	0	0
0	0	0
0	0	0
0	0	0
0	0	0
0	0	0
0	0	0
0	0	0
0	0	0
0	0	0
0	0	0
0	0	0
0	0	0
0	0	0
0	0	0
0	0	0
0	0	0
0	0	0
0	0	0
0	0	0
0	0	0
0	0	0
0	0	0
0	0	0
0	0	0
0	0	0
0	0	0
0	0	0
0	0	0
0	0	0
0	0	0
0	0	0
0	0	0
0	0	0
0	0	0
0	0	0
0	0	0
0	0	0
0	0	0
0	0	0
0	0	0
0	0	0
0	0	0
0	0	0
0	0	0
0	0	0
0	0	0
0	0	0
0	0	0
0	0	0
0	0	0
0	0	0
0	0	0
0	0	0
0	0	0
0	0	0
0	0	0
0	0	0
0	0	0
0	0	0
0	0	0
0	0	0
0	0	0
0	0	0
0	0	0
0	0	0
0	0	0
0	0	0
0	0	0
0	0	0
0	0	0
0	0	0
0	0	0
0	0	0
0	0	0
0	0	0
0	0	0
0	0	0
0	0	0
0	0	0
0	0	0
0	0	0
0	0	0
0	0	0
0	0	0
0	0	0
0	0	0
0	0	0
0	0	0
0	0	0
0	0	0
0	0	0
0	0	0
0	0	0
0	0	0
0	0	0
0	0	0
0	0	0
0	0	0
0	0	0
0	0	0
0	0	0
0	0	0
0	0	0
0	0	0
0	0	0
0	0	0
0	0	0
0	0	0
0	0	0
0	0	0
0	0	0
0	0	0
0	0	0
0	0	0
0	0	0
0	0	0
0	0	0
0	0	0
0	0	0
0	0	0
0	0	0
0	0	0
0	0	0
0	0	0
0	0	0
0	0	0
0	0	0
0	0	0
0	0	0
0	0	0
0	0	0
0	0	0
0	0	0
0	0	0
0	0	0
0	0	0
0	0	0
0	0	0
0	0	0
0	0	0
0	0	0
0	0	0
0	0	0
0	0	0
0	0	0
0	0	0
0	0	0
0	0	0
0	0	0
0	0	0
0	0	0
0	0	0
0	0	0
0	0	0
0	0	0
0	0	0
0	0	0
0	0	0
0	0	0
0	0	0
0	0	0
0	0	0
0	0	0
0	0	0
0	0	0
0	0	0
0	0	0
0	0	0
0	0	0
0	0	0
0	0	0
0	0	0
0	0	0
0	0	0
0	0	0
0	0	0
0	0	0
0	0	0
0	0	0
0	0	0
0	0	0
0	0	0
0	0	0
0	0	0
0	0	0
0	0	0
0	0	0
0	0	0
0	0	0
0	0	0
0	0	0
0	0	0
0	0	0
0	0	0
0	0	0
0	0	0
0	0	0
0	0	0
0	0	0
0	0	0
0	0	0
0	0	0
0	0	0
0	0	0
0	0	0
0	0	0
0	0	0
0	0	0
0	0	0
0	0	0
0	0	0
0	0	0
0	0	0
0	0	0
0	0	0
0	0	0
0	0	0
0	0	0
0	0	0
0	0	0
0	0	0
0	0	0
0	0	0
0	0	0
0	0	0
0	0	0
0	0	0
0	0	0
0	0	0
0	0	0
0	0	0
0	0	0
0	0	0
0	0	0
0	0	0
0	0	0
0	0	0
0	0	0
0	0	0
0	0	0
0	0	0
0	0	0
0	0	0
0	0	0
0	0	0
0	0	0
0	0	0
0	0	0
0	0	0
0	0	0
0	0	0
0	0	0
0	0	0
0	0	0
0	0	0
0	0	0
0	0	0
0	0	0
0	0	0
0	0	0
0	0	0
0	0	0
0	0	0
0	0	0
0	0	0
0	0	0
0	0	0
0	0	0
0	0	0
0	0	0
0	0	0
0	0	0
0	0	0
0	0	0
0	0	0
0	0	0
0	0	0
0	0	0
0	0	0
0	0	0
0	0	0
0	0	0
0	0	0
0	0	0
0	0	0
0	0	0
0	0	0
0	0	0
0	0	0
0	0	0
0	0	0
0	0	0
0	0	0
0	0	0
0	0	0
0	0	0
0	0	0
0	0	0
0	0	0
0	0	0
0	0	0
0	0	0
0	0	0
0	0	0
0	0	0
0	0	0
0	0	0
0	0	0
0	0	0
0	0	0
0	0	0
0	0	0
0	0	0
0	0	0
0	0	0
0	0	0
0	0	0
0	0	0
0	0	0
0	0	0
0	0	0
0	0	0
0	0	0
0	0	0
0	0	0
0	0	0
0	0	0
0	0	0
0	0	0
0	0	0
0	0	0
0	0	0
0	0	0
0	0	0
0	0	0
0	0	0
0	0	0
0	0	0
0	0	0
0	0	0
0	0	0
0	0	0
0	0	0
0	0	0
0	0	0
0	0	0
0	0	0
0	0	0
0	0	0
0	0	0
0	0	0
0	0	0
0	0	0
0	0	0
0	0	0
0	0	0
0	0	0
0	0	0
0	0	0
0	0	0
0	0	0
0	0	0
0	0	0
0	0	0
0	0	0
0	0	0
0	0	0
0	0	0
0	0	0
0	0	0
0	0	0
0	0	0
0	0	0
0	0	0
0	0	0
0	0	0
0	0	0
0	0	0
0	0	0
0	0	0
0	0	0
0	0	0
0	0	0
0	0	0
0	0	0
0	0	0
0	0	0
0	0	0
0	0	0
0	0	0
0	0	0
0	0	0
0	0	0
0	0	0
0	0	0
0	0	0
0	0	0
0	0	0
0	0	0
0	0	0
0	0	0
0	0	0
0	0	0
0	0	0
0	0	0
0	0	0
0	0	0
0	0	0
0	0	0
0	0	0
0	0	0
0	0	0
0	0	0
0	0	0
0	0	0
0	0	0
0	0	0
0	0	0
0	0	0
0	0	0
0	0	0
0	0	0
0	0	0
0	0	0
0	0	0
0	0	0
0	0	0
0	0	0
0	0	0
0	0	0
0	0	0
0	0	0
0	0	0
0	0	0
0	0	0
0	0	0
0	0	0
0	0	0
0	0	0
0	0	0
0	0	0
0	0	0
0	0	0
0	0	0
0	0	0
0	0	0
0	0	0
0	0	0
0	0	0
0	0	0
0	0	0
0	0	0
0	0	0
0	0	0
0	0	0
0	0	0
0	0	0
0	0	0
0	0	0
0	0	0
0	0	0
0	0	0
0	0	0
0	0	0
0	0	0
0	0	0
0	0	0
0	0	0
0	0	0
0	0	0
0	0	0
0	0	0
0	0	0
0	0	0
0	0	0
0	0	0
0	0	0
0	0	0
0	0	0
0	0	0
0	0	0
0	0	0
0	0	0
0	0	0
0	0	0
0	0	0
0	0	0
0	0	0
0	0	0
0	0	0
0	0	0
0	0	0
0	0	0
0	0	0
0	0	0
0	0	0
0	0	0
0	0	0
0	0	0
0	0	0
0	0	0
0	0	0
0	0	0
0	0	0
0	0	0
0	0	0
0	0	0
0	0	0
0	0	0
0	0	0
0	0	0
0	0	0
0	0	0
0	0	0
0	0	0
0	0	0
0	0	0
0	0	0
0	0	0
0	0	0
0	0	0
0	0	0
0	0	0
0	0	0
0	0	0
0	0	0
0	0	0
0	0	0
0	0	0
0	0	0
0	0	0
0	0	0
0	0	0
0	0	0
0	0	0
0	0	0
0	0	0
0	0	0
0	0	0
0	0	0
0	0	0
0	0	0
0	0	0
0	0	0
0	0	0
0	0	0
0	0	0
0	0	0
0	0	0
0	0	0
0	0	0
0	0	0
0	0	0
0	0	0
0	0	0
0	0	0
0	0	0
0	0	0
0	0	0
0	0	0
0	0	0
0	0	0
0	0	0
0	0	0
0	0	0
0	0	0
0	0	0
0	0	0
0	0	0
0	0	0
0	0	0
0	0	0
0	0	0
0	0	0
0	0	0
0	0	0
0	0	0
0	0	0
0	0	0
0	0	0
0	0	0
0	0	0
0	0	0
0	0	0
0	0	0
0	0	0
0	0	0
0	0	0
0	0	0
0	0	0
0	0	0
0	0	0
0	0	0
0	0	0
0	0	0
0	0	0
0	0	0
0	0	0
0	0	0
0	0	0
0	0	0
0	0	0
0	0	0
0	0	0
0	0	0
0	0	0
0	0	0
0	0	0
0	0	0
0	0	0
0	0	0
0	0	0
0	0	0
0	0	0
0	0	0
0	0	0
0	0	0
0	0	0
0	0	0
0	0	0
0	0	0
0	0	0
0	0	0
0	0	0
0	0	0
0	0	0
0	0	0
0	0	0
0	0	0
0	0	0
0	0	0
0	0	0
0	0	0
0	0	0
0	0	0
0	0	0
0	0	0
0	0	0
0	0	0
0	0	0
0	0	0
0	0	0
0	0	0
0	0	0
0	0	0
0	0	0
0	0	0
0	0	0
0	0	0
0	0	0
0	0	0
0	0	0
0	0	0
0	0	0
0	0	0
0	0	0
0	0	0
0	0	0
0	0	0
0	0	0
0	0	0
0	0	0
0	0	0
0	0	0
0	0	0
0	0	0
0	0	0
0	0	0
0	0	0
0	0	0
0	0	0
0	0	0
0	0	0
0	0	0
0	0	0
0	0	0
0	0	0
0	0	0
0	0	0
0	0	0
0	0	0
0	0	0
0	0	0
0	0	0
0	0	0
0	0	0
0	0	0
0	0	0
0	0	0
0	0	0
0	0	0
0	0	0
0	0	0
0	0	0
0	0	0
0	0	0
0	0	0
0	0	0
0	0	0
0	0	0
0	0	0
0	0	0
0	0	0
0	0	0
0	0	0
0	0	0
0	0	0
0	0	0
0	0	0
0	0	0
0	0	0
0	0	0
0	0	0
0	0	0
0	0	0
0	0	0
0	0	0
0	0	0
0	0	0
0	0	0
0	0	0
0	0	0
0	0	0
0	0	0
0	0	0
0	0	0
0	0	0
0	0	0
0	0	0
0	0	0
0	0	0
0	0	0
0	0	0
0	0	0
0	0	0
0	0	0
0	0	0
0	0	0
0	0	0
0	0	0
0	0	0
0	0	0
0	0	0
0	0	0
0	0	0
0	0	0
0	0	0
0	0	0
0	0	0
0	0	0
0	0	0
0	0	0
0	0	0
0	0	0
0	0	0
0	0	0
0	0	0
0	0	0
0	0	0
0	0	0
0	0	0
0	0	0
0	0	0
0	0	0
0	0	0
0	0	0
0	0	0
0	0	0
0	0	0
0	0	0
0	0	0
0	0	0
0	0	0
0	0	0
0	0	0
0	0	0
0	0	0
0	0	0
0	0	0
0	0	0
0	0	0
0	0	0
0	0	0
0	0	0
0	0	0
0	0	0
0	0	0
0	0	0
0	0	0
0	0	0
0	0	0
0	0	0
0	0	0
0	0	0
0	0	0
0	0	0
0	0	0
0	0	0
0	0	0
0	0	0
0	0	0
0	0	0
0	0	0
0	0	0
0	0	0
0	0	0
0	0	0
0	0	0
0	0	0
0	0	0
0	0	0
0	0	0
0	0	0
0	0	0
0	0	0
0	0	0
0	0	0
0	0	0
0	0	0
0	0	0
0	0	0
0	0	0
0	0	0
0	0	0
0	0	0
0	0	0
0	0	0
0	0	0
0	0	0
0	0	0
0	0	0
0	0	0
0	0	0
0	0	0
0	0	0
0	0	0
0	0	0
0	0	0
0	0	0
0	0	0
0	0	0
0	0	0
0	0	0
0	0	0
0	0	0
0	0	0
0	0	0
0	0	0
0	0	0
0	0	0
0	0	0
0	0	0
0	0	0
0	0	0
0	0	0
0	0	0
0	0	0
0	0	0
0	0	0
0	0	0
0	0	0
0	0	0
0	0	0
0	0	0
0	0	0
0	0	0
0	0	0
0	0	0
0	0	0
0	0	0
0	0	0
0	0	0
0	0	0
0	0	0
0	0	0
0	0	0
0	0	0
0	0	0
0	0	0
0	0	0
0	0	0
0	0	0
0	0	0
0	0	0
0	0	0
0	0	0
0	0	0
0	0	0
0	0	0
0	0	0
0	0	0
0	0	0
0	0	0
0	0	0
0	0	0
0	0	0
0	0	0
0	0	0
0	0	0
0	0	0
0	0	0
0	0	0
0	0	0
0	0	0
0	0	0
0	0	0
0	0	0
0	0	0
0	0	0
0	0	0
0	0	0
0	0	0
0	0	0
0	0	0
0	0	0
0	0	0
0	0	0
0	0	0
0	0	0
0	0	0
0	0	0
0	0	0
0	0	0
0	0	0
0	0	0
0	0	0
0	0	0
0	0	0
0	0	0
0	0	0
0	0	0
0	0	0
0	0	0
0	0	0
0	0	0
0	0	0
0	0	0
0	0	0
0	0	0
0	0	0
0	0	0
0	0	0
0	0	0
0	0	0
0	0	0
0	0	0
0	0	0
0	0	0
0	0	0
0	0	0
0	0	0
0	0	0
0	0	0
0	0	0
0	0	0
0	0	0
0	0	0
0	0	0
0	0	0
0	0	0
0	0	0
0	0	0
0	0	0
0	0	0
0	0	0
0	0	0
0	0	0
0	0	0
0	0	0
0	0	0
0	0	0
0	0	0
0	0	0
0	0	0
0	0	0
0	0	0
0	0	0
0	0	0
0	0	0
0	0	0
0	0	0
0	0	0
0	0	0
0	0	0
0	0	0
0	0	0
0	0	0
0	0	0
0	0	0
0	0	0
0	0	0
0	0	0
0	0	0
0	0	0
0	0	0
0	0	0
0	0	0
0	0	0
0	0	0
0	0	0
0	0	0
0	0	0
0	0	0
0	0	0
0	0	0
0	0	0
0	0	0
0	0	0
0	0	0
0	0	0
0	0	0
0	0	0
0	0	0
0	0	0
0	0	0
0	0	0
0	0	0
0	0	0
0	0	0
0	0	0
0	0	0
0	0	0
0	0	0
0	0	0
0	0	0
0	0	0
0	0	0
0	0	0
0	0	0
0	0	0
0	0	0
0	0	0
0	0	0
0	0	0
0	0	0
0	0	0
0	0	0
0	0	0
0	0	0
0	0	0
0	0	0
0	0	0
0	0	0
0	0	0
0	0	0
0	0	0
0	0	0
0	0	0
0	0	0
0	0	0
0	0	0
0	0	0
0	0	0
0	0	0
0	0	0
0	0	0
0	0	0
0	0	0
0	0	0
0	0	0
0	0	0
0	0	0
0	0	0
0	0	0
0	0	0
0	0	0
0	0	0
0	0	0
0	0	0
0	0	0
0	0	0
0	0	0
0	0	0
0	0	0
0	0	0
0	0	0
0	0	0
0	0	0
0	0	0
0	0	0
0	0	0
0	0	0
0	0	0
0	0	0
0	0	0
0	0	0
0	0	0
0	0	0
0	0	0
0	0	0
0	0	0
0	0	0
0	0	0
0	0	0
0	0	0
0	0	0
0	0	0
0	0	0
0	0	0
0	0	0
0	0	0
0	0	0
0	0	0
0	0	0
0	0	0
0	0	0
0	0	0
0	0	0
0	0	0
0	0	0
0	0	0
0	0	0
0	0	0
0	0	0
0	0	0
0	0	0
0	0	0
0	0	0
0	0	0
0	0	0
0	0	0
0	0	0
0	0	0
0	0	0
0	0	0
0	0	0
0	0	0
0	0	0
0	0	0
0	0	0
0	0	0
0	0	0
0	0	0
0	0	0
0	0	0
0	0	0
0	0	0
0	0	0
0	0	0
0	0	0
0	0	0
0	0	0
0	0	0
0	0	0
0	0	0
0	0	0
0	0	0
0	0	0
0	0	0
0	0	0
0	0	0
0	0	0
0	0	0
0	0	0
0	0	0
0	0	0
0	0	0
0	0	0
0	0	0
0	0	0
0	0	0
0	0	0
0	0	0
0	0	0
0	0	0
0	0	0
0	0	0
0	0	0
0	0	0
0	0	0
0	0	0
0	0	0
0	0	0
0	0	0
0	0	0
0	0	0
0	0	0
0	0	0
0	0	0
0	0	0
0	0	0
0	0	0
0	0	0
0	0	0
0	0	0
0	0	0
0	0	0
0	0	0
0	0	0
0	0	0
0	0	0
0	0	0
0	0	0
0	0	0
0	0	0
0	0	0
0	0	0
0	0	0
0	0	0
0	0	0
0	0	0
0	0	0
0	0	0
0	0	0
0	0	0
0	0	0
0	0	0
0	0	0
0	0	0
0	0	0
0	0	0
0	0	0
0	0	0
0	0	0
0	0	0
0	0	0
0	0	0
0	0	0
0	0	0
0	0	0
0	0	0
0	0	0
0	0	0
0	0	0
0	0	0
0	0	0
0	0	0
0	0	0
0	0	0
0	0	0
0	0	0
0	0	0
0	0	0
0	0	0
0	0	0
0	0	0
0	0	0
0	0	0
0	0	0
0	0	0
0	0	0
0	0	0
0	0	0
0	0	0
0	0	0
0	0	0
0	0	0
0	0	0
0	0	0
0	0	0
0	0	0
0	0	0
0	0	0
0	0	0
0	0	0
0	0	0
0	0	0
0	0	0
0	0	0
0	0	0
0	0	0
0	0	0
0	0	0
0	0	0
0	0	0
0	0	0
0	0	0
0	0	0
0	0	0
0	0	0
0	0	0
0	0	0
0	0	0
0	0	0
0	0	0
0	0	0
0	0	0
0	0	0
0	0	0
0	0	0
0	0	0
0	0	0
0	0	0
0	0	0
0	0	0
0	0	0
0	0	0
0	0	0
0	0	0
0	0	0
0	0	0
0	0	0
0	0	0
0	0	0
0	0	0
0	0	0
0	0	0
0	0	0
0	0	0
0	0	0
0	0	0
0	0	0
0	0	0
0	0	0
0	0	0
0	0	0
0	0	0
0	0	0
0	0	0
0	0	0
0	0	0
0	0	0
0	0	0
0	0	0
0	0	0
0	0	0
0	0	0
0	0	0
0	0	0
0	0	0
0	0	0
0	0	0
0	0	0
0	0	0
0	0	0
0	0	0
0	0	0
0	0	0
0	0	0
0	0	0
0	0	0
0	0	0
0	0	0
0	0	0
0	0	0
0	0	0
0	0	0
0	0	0
0	0	0
0	0	0
0	0	0
0	0	0
0	0	0
0	0	0
0	0	0
0	0	0
0	0	0
0	0	0
0	0	0
0	0	0
0	0	0
0	0	0
0	0	0
0	0	0
0	0	0
0	0	0
0	0	0
0	0	0
0	0	0
0	0	0
0	0	0
0	0	0
0	0	0
0	0	0
0	0	0
0	0	0
0	0	0
0	0	0
0	0	0
0	0	0
0	0	0
0	0	0
0	0	0
0	0	0
0	0	0
0	0	0
0	0	0
0	0	0
0	0	0
0	0	0
0	0	0
0	0	0
0	0	0
0	0	0
0	0	0
0	0	0
0	0	0
0	0	0
0	0	0
0	0	0
0	0	0
0	0	0
0	0	0
0	0	0
0	0	0
0	0	0
0	0	0
0	0	0
0	0	0
0	0	0
0	0	0
0	0	0
0	0	0
0	0	0
0	0	0
0	0	0
0	0	0
0	0	0
0	0	0
0	0	0
0	0	0
0	0	0
0	0	0
0	0	0
0	0	0
0	0	0
0	0	0
0	0	0
0	0	0
0	0	0
0	0	0
0	0	0
0	0	0
0	0	0
0	0	0
0	0	0
0	0	0
0	0	0
0	0	0
0	0	0
0	0	0
0	0	0
0	0	0
0	0	0
0	0	0
0	0	0
0	0	0
0	0	0
0	0	0
0	0	0
0	0	0
0	0	0
0	0	0
0	0	0
0	0	0
0	0	0
0	0	0
0	0	0
0	0	0
0	0	0
0	0	0
0	0	0
0	0	0
0	0	0
0	0	0
0	0	0
0	0	0
0	0	0
0	0	0
0	0	0
0	0	0
0	0	0
0	0	0
0	0	0
0	0	0
0	0	0
0	0	0
0	0	0
0	0	0
0	0	0
0	0	0
0	0	0
0	0	0
0	0	0
0	0	0
0	0	0
0	0	0
0	0	0
0	0	0
0	0	0
0	0	0
0	0	0
0	0	0
0	0	0
0	0	0
0	0	0
0	0	0
0	0	0
0	0	0
0	0	0
0	0	0
0	0	0
0	0	0
0	0	0
0	0	0
0	0	0
0	0	0
0	0	0
0	0	0
0	0	0
0	0	0
0	0	0
0	0	0
0	0	0
0	0	0
0	0	0
0	0	0
0	0	0
0	0	0
0	0	0
0	0	0
0	0	0
0	0	0
0	0	0
0	0	0
0	0	0
0	0	0
0	0	0
0	0	0
0	0	0
0	0	0
0	0	0
0	0	0
0	0	0
0	0	0
0	0	0
0	0	0
0	0	0
0	0	0
0	0	0
0	0	0
0	0	0
0	0	0
0	0	0
0	0	0
0	0	0
0	0	0
0	0	0
0	0	0
0	0	0
0	0	0
0	0	0
0	0	0
0	0	0
0	0	0
0	0	0
0	0	0
0	0	0
0	0	0
0	0	0
0	0	0
0	0	0
0	0	0
0	0	0
0	0	0
0	0	0
0	0	0
0	0	0
0	0	0
0	0	0
0	0	0
0	0	0
0	0	0
0	0	0
0	0	0
0	0	0
0	0	0
0	0	0
0	0	0
0	0	0
0	0	0
0	0	0
0	0	0
0	0	0
0	0	0
0	0	0
0	0	0
0	0	0
0	0	0
0	0	0
0	0	0
0	0	0
0	0	0
0	0	0
0	0	0
0	0	0
0	0	0
0	0	0
0	0	0
0	0	0
0	0	0
0	0	0
0	0	0
0	0	0
0	0	0
0	0	0
0	0	0
0	0	0
0	0	0
0	0	0
0	0	0
0	0	0
0	0	0
0	0	0
0	0	0
0	0	0
0	0	0
0	0	0
0	0	0
0	0	0
0	0	0
0	0	0
0	0	0
0	0	0
0	0	0
0	0	0
0	0	0
0	0	0
0	0	0
0	0	0
0	0	0
0	0	0
0	0	0
0	0	0
0	0	0
0	0	0
0	0	0
0	0	0
0	0	0
0	0	0
0	0	0
0	0	0
0	0	0
0	0	0
0	0	0
0	0	0
0	0	0
0	0	0
0	0	0
0	0	0
0	0	0
0	0	0
0	0	0
0	0	0
0	0	0
0	0	0
0	0	0
0	0	0
0	0	0
0	0	0
0	0	0
0	0	0
0	0	0
0	0	0
0	0	0
0	0	0
0	0	0
0	0	0
0	0	0
0	0	0
0	0	0
0	0	0
0	0	0
0	0	0
0	0	0
0	0	0
0	0	0
0	0	0
0	0	0
0	0	0
0	0	0
0	0	0
0	0	0
0	0	0
0	0	0
0	0	0
0	0	0
0	0	0
0	0	0
0	0	0
0	0	0
0	0	0
0	0	0
0	0	0
0	0	0
0	0	0
0	0	0
0	0	0
0	0	0
0	0	0
0	0	0
0	0	0
0	0	0
0	0	0
0	0	0
0	0	0
0	0	0
0	0	0
0	0	0
0	0	0
0	0	0
0	0	0
0	0	0
0	0	0
0	0	0
0	0	0
0	0	0
0	0	0
0	0	0
0	0	0
0	0	0
0	0	0
0	0	0
0	0	0
0	0	0
0	0	0
0	0	0
0	0	0
0	0	0
0	0	0
0	0	0
0	0	0
0	0	0
0	0	0
0	0	0
0	0	0
0	0	0
0	0	0
0	0	0
0	0	0
0	0	0
0	0	0
0	0	0
0	0	0
0	0	0
0	0	0
0	0	0
0	0	0
0	0	0
0	0	0
0	0	0
0	0	0
0	0	0
0	0	0
0	0	0
0	0	0
0	0	0
0	0	0
0	0	0
0	0	0
0	0	0
0	0	0
0	0	0
0	0	0
0	0	0
0	0	0
0	0	0
0	0	0
0	0	0
0	0	0
0	0	0
0	0	0
0	0	0
0	0	0
0	0	0
0	0	0
0	0	0
0	0	0
0	0	0
0	0	0
0	0	0
0	0	0
0	0	0
0	0	0
0	0	0
0	0	0
0	0	0
0	0	0
0	0	0
0	0	0
0	0	0
0	0	0
0	0	0
0	0	0
0	0	0
0	0	0
0	0	0
0	0	0
0	0	0
0	0	0
0	0	0
0	0	0
0	0	0
0	0	0
0	0	0
0	0	0
0	0	0
0	0	0
0	0	0
0	0	0
0	0	0
0	0	0
0	0	0
0	0	0
0	0	0
0	0	0
0	0	0
0	0	0
0	0	0
0	0	0
0	0	0
0	0	0
0	0	0
0	0	0
0	0	0
0	0	0
0	0	0
0	0	0
0	0	0
0	0	0
0	0	0
0	0	0
0	0	0
0	0	0
0	0	0
0	0	0
0	0	0
0	0	0
0	0	0
0	0	0
0	0	0
0	0	0
0	0	0
0	0	0
0	0	0
0	0	0
0	0	0
0	0	0
0	0	0
0	0	0
0	0	0
0	0	0
0	0	0
0	0	0
0	0	0
0	0	0
0	0	0
0	0	0
0	0	0
0	0	0
0	0	0
0	0	0
0	0	0
0	0	0
0	0	0
0	0	0
0	0	0
0	0	0
0	0	0
0	0	0
0	0	0
0	0	0
0	0	0
0	0	0
0	0	0
0	0	0
0	0	0
0	0	0
0	0	0
0	0	0
0	0	0
0	0	0
0	0	0
0	0	0
0	0	0
0	0	0
0	0	0
0	0	0
0	0	0
0	0	0
0	0	0
0	0	0
0	0	0
0	0	0
0	0	0
0	0	0
0	0	0
0	0	0
0	0	0
0	0	0
0	0	0
0	0	0
0	0	0
0	0	0
0	0	0
0	0	0
0	0	0
0	0	0
0	0	0
0	0	0
0	0	0
0	0	0
0	0	0
0	0	0
0	0	0
0	0	0
0	0	0
0	0	0
0	0	0
0	0	0
0	0	0
0	0	0
0	0	0
0	0	0
0	0	0
0	0	0
0	0	0
0	0	0
0	0	0
0	0	0
0	0	0
0	0	0
0	0	0
0	0	0
0	0	0
0	0	0
0	0	0
0	0	0
0	0	0
0	0	0
0	0	0
0	0	0
0	0	0
0	0	0
0	0	0
0	0	0
0	0	0
0	0	0
0	0	0
0	0	0
0	0	0
0	0	0
0	0	0
0	0	0
0	0	0
0	0	0
0	0	0
0	0	0
0	0	0
0	0	0
0	0	0
0	0	0
0	0	0
0	0	0
0	0	0
0	0	0
0	0	0
0	0	0
0	0	0
0	0	0
0	0	0
0	0	0
0	0	0
0	0	0
0	0	0
0	0	0
0	0	0
0	0	0
0	0	0
0	0	0
0	0	0
0	0	0
0	0	0
0	0	0
0	0	0
0	0	0
0	0	0
0	0	0
0	0	0
0	0	0
0	0	0
0	0	0
0	0	0
0	0	0
0	0	0
0	0	0
0	0	0
0	0	0
0	0	0
0	0	0
0	0	0
0	0	0
0	0	0
0	0	0
0	0	0
0	0	0
0	0	0
0	0	0
0	0	0
0	0	0
0	0	0
0	0	0
0	0	0
0	0	0
0	0	0
0	0	0
0	0	0
0	0	0
0	0	0
0	0	0
0	0	0
0	0	0
0	0	0
0	0	0
0	0	0
0	0	0
0	0	0
0	0	0
0	0	0
0	0	0
0	0	0
0	0	0
0	0	0
0	0	0
0	0	0
0	0	0
0	0	0
0	0	0
0	0	0
0	0	0
0	0	0
0	0	0
0	0	0
0	0	0
0	0	0
0	0	0
0	0	0
0	0	0
0	0	0
0	0	0
0	0	0
0	0	0
0	0	0
0	0	0
0	0	0
0	0	0
0	0	0
0	0	0
0	0	0
0	0	0
0	0	0
0	0	0
0	0	0
0	0	0
0	0	0
0	0	0
0	0	0
0	0	0
0	0	0
0	0	0
0	0	0
0	0	0
0	0	0
0	0	0
0	0	0
0	0	0
0	0	0
0	0	0
0	0	0
0	0	0
0	0	0
0	0	0
0	0	0
0	0	0
0	0	0
0	0	0
0	0	0
0	0	0
0	0	0
0	0	0
0	0	0
0	0	0
0	0	0
0	0	0
0	0	0
0	0	0
0	0	0
0	0	0
0	0	0
0	0	0
0	0	0
0	0	0
0	0	0
0	0	0
0	0	0
0	0	0
0	0	0
0	0	0
0	0	0
0	0	0
0	0	0
0	0	0
0	0	0
0	0	0
0	0	0
0	0	0
0	0	0
0	0	0
0	0	0
0	0	0
0	0	0
0	0	0
0	0	0
0	0	0
0	0	0
0	0	0
0	0	0
0	0	0
0	0	0
0	0	0
0	0	0
0	0	0
0	0	0
0	0	0
0	0	0
0	0	0
0	0	0
0	0	0
0	0	0
0	0	0
0	0	0
0	0	0
0	0	0
0	0	0
0	0	0
0	0	0
0	0	0
0	0	0
0	0	0
0	0	0
0	0	0
0	0	0
0	0	0
0	0	0
0	0	0
0	0	0
0	0	0
0	0	0
0	0	0
0	0	0
0	0	0
0	0	0
0	0	0
0	0	0
0	0	0
0	0	0
0	0	0
0	0	0
0	0	0
0	0	0
0	0	0
0	0	0
0	0	0
0	0	0
0	0	0
0	0	0
0	0	0
0	0	0
0	0	0
0	0	0
0	0	0
0	0	0
0	0	0
0	0	0
0	0	0
0	0	0
0	0	0
0	0	0
0	0	0
0	0	0
0	0	0
0	0	0
0	0	0
0	0	0
0	0	0
0	0	0
0	0	0
0	0	0
0	0	0
0	0	0
0	0	0
0	0	0
0	0	0
0	0	0
0	0	0
0	0	0
0	0	0
0	0	0
0	0	0
0	0	0
0	0	0
0	0	0
0	0	0
0	0	0
0	0	0
0	0	0
0	0	0
0	0	0
0	0	0
0	0	0
0	0	0
0	0	0
0	0	0
0	0	0
0	0	0
0	0	0
0	0	0
0	0	0
0	0	0
0	0	0
0	0	0
0	0	0
0	0	0
0	0	0
0	0	0
0	0	0
0	0	0
0	0	0
0	0	0
0	0	0
0	0	0
0	0	0
0	0	0
0	0	0
0	0	0
0	0	0
0	0	0
0	0	0
0	0	0
0	0	0
0	0	0
0	0	0
0	0	0
0	0	0
0	0	0
0	0	0
0	0	0
0	0	0
0	0	0
0	0	0
0	0	0
0	0	0
0	0	0
0	0	0
0	0	0
0	0	0
0	0	0
0	0	0
0	0	0
0	0	0
0	0	0
0	0	0
0	0	0
0	0	0
0	0	0
0	0	0
0	0	0
0	0	0
0	0	0
0	0	0
0	0	0
0	0	0
0	0	0
0	0	0
0	0	0
0	0	0
0	0	0
0	0	0
0	0	0
0	0	0
0	0	0
0	0	0
0	0	0
0	0	0
0	0	0
0	0	0
0	0	0
0	0	0
0	0	0
0	0	0
0	0	0
0	0	0
0	0	0
0	0	0
0	0	0
0	0	0
0	0	0
0	0	0
0	0	0
0	0	0
0	0	0
0	0	0
0	0	0
0	0	0
0	0	0
0	0	0
0	0	0
0	0	0
0	0	0
0	0	0
0	0	0
0	0	0
0	0	0
0	0	0
0	0	0
0	0	0
0	0	0
0	0	0
0	0	0
0	0	0
0	0	0
0	0	0
0	0	0
0	0	0
0	0	0
0	0	0
0	0	0
0	0	0
0	0	0
0	0	0
0	0	0
0	0	0
0	0	0
0	0	0
0	0	0
0	0	0
0	0	0
0	0	0
0	0	0
0	0	0
0	0	0
0	0	0
0	0	0
0	0	0
0	0	0
0	0	0
0	0	0
0	0	0
0	0	0
0	0	0
0	0	0
0	0	0
0	0	0
0	0	0
0	0	0
0	0	0
0	0	0
0	0	0
0	0	0
0	0	0
0	0	0
0	0	0
0	0	0
0	0	0
0	0	0
0	0	0
0	0	0
0	0	0
0	0	0
0	0	0
0	0	0
0	0	0
0	0	0
0	0	0
0	0	0
0	0	0
0	0	0
0	0	0
0	0	0
0	0	0
0	0	0
0	0	0
0	0	0
0	0	0
0	0	0
0	0	0
0	0	0
0	0	0
0	0	0
0	0	0
0	0	0
0	0	0
0	0	0
0	0	0
0	0	0
0	0	0
0	0	0
0	0	0
0	0	0
0	0	0
0	0	0
0	0	0
0	0	0
0	0	0
0	0	0
0	0	0
0	0	0
0	0	0
0	0	0
0	0	0
0	0	0
0	0	0
0	0	0
0	0	0
0	0	0
0	0	0
0	0	0
0	0	0
0	0	0
0	0	0
0	0	0
0	0	0
0	0	0
0	0	0
0	0	0
0	0	0
0	0	0
0	0	0
0	0	0
0	0	0
0	0	0
0	0	0
0	0	0
0	0	0
0	0	0
0	0	0
0	0	0
0	0	0
0	0	0
0	0	0
0	0	0
0	0	0
0	0	0
0	0	0
0	0	0
0	0	0
0	0	0
0	0	0
0	0	0
0	0	0
0	0	0
0	0	0
0	0	0
0	0	0
0	0	0
0	0	0
0	0	0
0	0	0
0	0	0
0	0	0
0	0	0
0	0	0
0	0	0
0	0	0
0	0	0
0	0	0
0	0	0
0	0	0
0	0	0
0	0	0
0	0	0
0	0	0
0	0	0
0	0	0
0	0	0
0	0	0
0	0	0
0	0	0
0	0	0
0	0	0
0	0	0
0	0	0
0	0	0
0	0	0
0	0	0
0	0	0
0	0	0
0	0	0
0	0	0
0	0	0
0	0	0
0	0	0
0	0	0
0	0	0
0	0	0
0	0	0
0	0	0
0	0	0
0	0	0
0	0	0
0	0	0
0	0	0
0	0	0
0	0	0
0	0	0
0	0	0
0	0	0
0	0	0
0	0	0
0	0	0
0	0	0
0	0	0
0	0	0
0	0	0
0	0	0
0	0	0
0	0	0
0	0	0
0	0	0
0	0	0
0	0	0
0	0	0
0	0	0
0	0	0
0	0	0
0	0	0
0	0	0
0	0	0
0	0	0
0	0	0
0	0	0
0	0	0
0	0	0
0	0	0
0	0	0
0	0	0
0	0	0
0	0	0
0	0	0
0	0	0
0	0	0
0	0	0
0	0	0
0	0	0
0	0	0
0	0	0
0	0	0
0	0	0
0	0	0
0	0	0
0	0	0
0	0	0
0	0	0
0	0	0
0	0	0
0	0	0
0	0	0
0	0	0
0	0	0
0	0	0
0	0	0
0	0	0
0	0	0
0	0	0
0	0	0
0	0	0
0	0	0
0	0	0
0	0	0
0	0	0
0	0	0
0	0	0
0	0	0
0	0	0
0	0	0
0	0	0
0	0	0
0	0	0
0	0	0
0	0	0
0	0	0
0	0	0
0	0	0
0	0	0
0	0	0
0	0	0
0	0	0
0	0	0
0	0	0
0	0	0
0	0	0
0	0	0
0	0	0
0	0	0
0	0	0
0	0	0
0	0	0
0	0	0
0	0	0
0	0	0
0	0	0
0	0	0
0	0	0
0	0	0
0	0	0
0	0	0
0	0	0
0	0	0
0	0	0
0	0	0
0	0	0
0	0	0
0	0	0
0	0	0
0	0	0
0	0	0
0	0	0
0	0	0
0	0	0
0	0	0
0	0	0
0	0	0
0	0	0
0	0	0
0	0	0
0	0	0
0	0	0
0	0	0
0	0	0
0	0	0
0	0	0
0	0	0
0	0	0
0	0	0
0	0	0
0	0	0
0	0	0
0	0	0
0	0	0
0	0	0
0	0	0
0	0	0
0	0	0
0	0	0
0	0	0
0	0	0
0	0	0
0	0	0
0	0	0
0	0	0
0	0	0
0	0	0
0	0	0
0	0	0
0	0	0
0	0	0
0	0	0
0	0	0
0	0	0
0	0	0
0	0	0
0	0	0
0	0	0
0	0	0
0	0	0
0	0	0
0	0	0
0	0	0
0	0	0
0	0	0
0	0	0
0	0	0
0	0	0
0	0	0
0	0	0
0	0	0
0	0	0
0	0	0
0	0	0
0	0	0
0	0	0
0	0	0
0	0	0
0	0	0
0	0	0
0	0	0
0	0	0
0	0	0
0	0	0
0	0	0
0	0	0
0	0	0
0	0	0
0	0	0
0	0	0
0	0	0
0	0	0
0	0	0
0	0	0
0	0	0
0	0	0
0	0	0
0	0	0
0	0	0
0	0	0
0	0	0
0	0	0
0	0	0
0	0	0
0	0	0
0	0	0
0	0	0
0	0	0
0	0	0
0	0	0
0	0	0
0	0	0
0	0	0
0	0	0
0	0	0
0	0	0
0	0	0
0	0	0
0	0	0
0	0	0
0	0	0
0	0	0
0	0	0
0	0	0
0	0	0
0	0	0
0	0	0
0	0	0
0	0	0
0	0	0
0	0	0
0	0	0
0	0	0
0	0	0
0	0	0
0	0	0
0	0	0
0	0	0
0	0	0
0	0	0
0	0	0
0	0	0
0	0	0
0	0	0
0	0	0
0	0	0
0	0	0
0	0	0
0	0	0
0	0	0
0	0	0
0	0	0
0	0	0
0	0	0
0	0	0
0	0	0
0	0	0
0	0	0
0	0	0
0	0	0
0	0	0
0	0	0
0	0	0
0	0	0
0	0	0
0	0	0
0	0	0
0	0	0
0	0	0
0	0	0
0	0	0
0	0	0
0	0	0
0	0	0
0	0	0
0	0	0
0	0	0
0	0	0
0	0	0
0	0	0
0	0	0
0	0	0
0	0	0
0	0	0
0	0	0
0	0	0
0	0	0
0	0	0
0	0	0
0	0	0
0	0	0
0	0	0
0	0	0
0	0	0
0	0	0
0	0	0
0	0	0
0	0	0
0	0	0
0	0	0
0	0	0
0	0	0
0	0	0
0	0	0
0	0	0
0	0	0
0	0	0
0	0	0
0	0	0
0	0	0
0	0	0
0	0	0
0	0	0
0	0	0
0	0	0
0	0	0
0	0	0
0	0	0
0	0	0
0	0	0
0	0	0
0	0	0
0	0	0
0	0	0
0	0	0
0	0	0
0	0	0
0	0	0
0	0	0
0	0	0
0	0	0
0	0	0
0	0	0
0	0	0
0	0	0
0	0	0
0	0	0
0	0	0
0	0	0
0	0	0
0	0	0
0	0	0
0	0	0
0	0	0
0	0	0
0	0	0
0	0	0
0	0	0
0	0	0
0	0	0
0	0	0
0	0	0
0	0	0
0	0	0
0	0	0
0	0	0
0	0	0
0	0	0
0	0	0
0	0	0
0	0	0
0	0	0
0	0	0
0	0	0
0	0	0
0	0	0
0	0	0
0	0	0
0	0	0
0	0	0
0	0	0
0	0	0
0	0	0
0	0	0
0	0	0
0	0	0
0	0	0
0	0	0
0	0	0
0	0	0
0	0	0
0	0	0
0	0	0
0	0	0
0	0	0
0	0	0
0	0	0
0	0	0
0	0	0
0	0	0
0	0	0
0	0	0
0	0	0
0	0	0
0	0	0
0	0	0
0	0	0
0	0	0
0	0	0
0	0	0
0	0	0
0	0	0
0	0	0
0	0	0
0	0	0
0	0	0
0	0	0
0	0	0
0	0	0
0	0	0
0	0	0
0	0	0
0	0	0
0	0	0
0	0	0
0	0	0
0	0	0
0	0	0
0	0	0
0	0	0
0	0	0
0	0	0
0	0	0
0	0	0
0	0	0
0	0	0
0	0	0
0	0	0
0	0	0
0	0	0
0	0	0
0	0	0
0	0	0
0	0	0
0	0	0
0	0	0
0	0	0
0	0	0
0	0	0
0	0	0
0	0	0
0	0	0
0	0	0
0	0	0
0	0	0
0	0	0
0	0	0
0	0	0
0	0	0
0	0	0
0	0	0
0	0	0
0	0	0
0	0	0
0	0	0
0	0	0
0	0	0
0	0	0
0	0	0
0	0	0
0	0	0
0	0	0
0	0	0
0	0	0
0	0	0
0	0	0
0	0	0
0	0	0
0	0	0
0	0	0
0	0	0
0	0	0
0	0	0
0	0	0
0	0	0
0	0	0
0	0	0
0	0	0
0	0	0
0	0	0
0	0	0
0	0	0
0	0	0
0	0	0
0	0	0
0	0	0
0	0	0
0	0	0
0	0	0
0	0	0
0	0	0
0	0	0
0	0	0
0	0	0
0	0	0
0	0	0
0	0	0
0	0	0
0	0	0
0	0	0
0	0	0
0	0	0
0	0	0
0	0	0
0	0	0
0	0	0
0	0	0
0	0	0
0	0	0
0	0	0
0	0	0
0	0	0
0	0	0
0	0	0
0	0	0
0	0	0
0	0	0
0	0	0
0	0	0
0	0	0
0	0	0
0	0	0
0	0	0
0	0	0
0	0	0
0	0	0
0	0	0
0	0	0
0	0	0
0	0	0
0	0	0
0	0	0
0	0	0
0	0	0
0	0	0
0	0	0
0	0	0
0	0	0
0	0	0
0	0	0
0	0	0
0	0	0
0	0	0
0	0	0
0	0	0
0	0	0
0	0	0
0	0	0
0	0	0
0	0	0
0	0	0
0	0	0
0	0	0
0	0	0
0	0	0
0	0	0
0	0	0
0	0	0
0	0	0
0	0	0
0	0	0
0	0	0
0	0	0
0	0	0
0	0	0
0	0	0
0	0	0
0	0	0
0	0	0
0	0	0
0	0	0
0	0	0
0	0	0
0	0	0
0	0	0
0	0	0
0	0	0
0	0	0
0	0	0
0	0	0
0	0	0
0	0	0
0	0	0
0	0	0
0	0	0
0	0	0
0	0	0
0	0	0
0	0	0
0	0	0
0	0	0
0	0	0
0	0	0
0	0	0
0	0	0
0	0	0
0	0	0
0	0	0
0	0	0
0	0	0
0	0	0
0	0	0
0	0	0
0	0	0
0	0	0
0	0	0
0	0	0
0	0	0
0	0	0
0	0	0
0	0	0
0	0	0
0	0	0
0	0	0
0	0	0
0	0	0
0	0	0
0	0	0
0	0	0
0	0	0
0	0	0
0	0	0
0	0	0
0	0	0
0	0	0
0	0	0
0	0	0
0	0	0
0	0	0
0	0	0
0	0	0
0	0	0
0	0	0
0	0	0
0	0	0
0	0	0
0	0	0
0	0	0
0	0	0
0	0	0
0	0	0
0	0	0
0	0	0
0	0	0
0	0	0
0	0	0
0	0	0
0	0	0
0	0	0
0	0	0
0	0	0
0	0	0
0	0	0
0	0	0
0	0	0
0	0	0
0	0	0
0	0	0
0	0	0
0	0	0
0	0	0
0	0	0
0	0	0
0	0	0
0	0	0
0	0	0
0	0	0
0	0	0
0	0	0
0	0	0
0	0	0
0	0	0
0	0	0
0	0	0
0	0	0
0	0	0
0	0	0
0	0	0
0	0	0
0	0	0
0	0	0
0	0	0
0	0	0
0	0	0
0	0	0
0	0	0
0	0	0
0	0	0
0	0	0
0	0	0
0	0	0
0	0	0
0	0	0
0	0	0
0	0	0
0	0	0
0	0	0
0	0	0
0	0	0
0	0	0
0	0	0
0	0	0
0	0	0
0	0	0
0	0	0
0	0	0
0	0	0
0	0	0
0	0	0
0	0	0
0	0	0
0	0	0
0	0	0
0	0	0
0	0	0
0	0	0
0	0	0
0	0	0
0	0	0
0	0	0
0	0	0
0	0	0
0	0	0
0	0	0
0	0	0
0	0	0
0	0	0
0	0	0
0	0	0
0	0	0
0	0	0
0	0	0
0	0	0
0	0	0
0	0	0
0	0	0
0	0	0
0	0	0
0	0	0
0	0	0
0	0	0
0	0	0
0	0	0
0	0	0
0	0	0
0	0	0
0	0	0
0	0	0
0	0	0
0	0	0
0	0	0
0	0	0
0	0	0
0	0	0
0	0	0
0	0	0
0	0	0
0	0	0
0	0	0
0	0	0
0	0	0
0	0	0
0	0	0
0	0	0
0	0	0
0	0	0
0	0	0
0	0	0
0	0	0
0	0	0
0	0	0
0	0	0
0	0	0
0	0	0
0	0	0
0	0	0
0	0	0
0	0	0
0	0	0
0	0	0
0	0	0
0	0	0
0	0	0
0	0	0
0	0	0
0	0	0
0	0	0
0	0	0
0	0	0
0	0	0
0	0	0
0	0	0
0	0	0
0	0	0
0	0	0
0	0	0
0	0	0
0	0	0
0	0	0
0	0	0
0	0	0
0	0	0
0	0	0
0	0	0
0	0	0
0	0	0
0	0	0
0	0	0
0	0	0
0	0	0
0	0	0
0	0	0
0	0	0
0	0	0
0	0	0
0	0	0
0	0	0
0	0	0
0	0	0
0	0	0
0	0	0
0	0	0
0	0	0
0	0	0
0	0	0
0	0	0
0	0	0
0	0	0
0	0	0
0	0	0
0	0	0
0	0	0
0	0	0
0	0	0
0	0	0
0	0	0
0	0	0
0	0	0
0	0	0
0	0	0
0	0	0
0	0	0
0	0	0
0	0	0
0	0	0
0	0	0
0	0	0
0	0	0
0	0	0
0	0	0
0	0	0
0	0	0
0	0	0
0	0	0
0	0	0
0	0	0
0	0	0
0	0	0
0	0	0
0	0	0
0	0	0
0	0	0
0	0	0
0	0	0
0	0	0
0	0	0
0	0	0
0	0	0
0	0	0
0	0	0
0	0	0
0	0	0
0	0	0
0	0	0
0	0	0
0	0	0
0	0	0
0	0	0
0	0	0
0	0	0
0	0	0
0	0	0
0	0	0
0	0	0
0	0	0
0	0	0
0	0	0
0	0	0
0	0	0
0	0	0
0	0	0
0	0	0
0	0	0
0	0	0
0	0	0
0	0	0
0	0	0
0	0	0
0	0	0
0	0	0
0	0	0
0	0	0
0	0	0
0	0	0
0	0	0
0	0	0
0	0	0
0	0	0
0	0	0
0	0	0
0	0	0
0	0	0
0	0	0
0	0	0
0	0	0
0	0	0
0	0	0
0	0	0
0	0	0
0	0	0
0	0	0
0	0	0
0	0	0
0	0	0
0	0	0
0	0	0
0	0	0
0	0	0
0	0	0
0	0	0
0	0	0
0	0	0
0	0	0
0	0	0
0	0	0
0	0	0
0	0	0
0	0	0
0	0	0
0	0	0
0	0	0
0	0	0
0	0	0
0	0	0
0	0	0
0	0	0
0	0	0
0	0	0
0	0	0
0	0	0
0	0	0
0	0	0
0	0	0
0	0	0
0	0	0
0	0	0
0	0	0
0	0	0
0	0	0
0	0	0
0	0	0
0	0	0
0	0	0
0	0	0
0	0	0
0	0	0
0	0	0
0	0	0
0	0	0
0	0	0
0	0	0
0	0	0
0	0	0
0	0	0
0	0	0
0	0	0
0	0	0
0	0	0
0	0	0
0	0	0
0	0	0
0	0	0
0	0	0
0	0	0
0	0	0
0	0	0
0	0	0
0	0	0
0	0	0
0	0	0
0	0	0
0	0	0
0	0	0
0	0	0
0	0	0
0	0	0
0	0	0
0	0	0
0	0	0
0	0	0
0	0	0
0	0	0
0	0	0
0	0	0
0	0	0
0	0	0
0	0	0
0	0	0
0	0	0
0	0	0
0	0	0
0	0	0
0	0	0
0	0	0
0	0	0
0	0	0
0	0	0
0	0	0
0	0	0
0	0	0
0	0	0
0	0	0
0	0	0
0	0	0
0	0	0
0	0	0
0	0	0
0	0	0
0	0	0
0	0	0
0	0	0
0	0	0
0	0	0
0	0	0
0	0	0
0	0	0
0	0	0
0	0	0
0	0	0
0	0	0
0	0	0
0	0	0
0	0	0
0	0	0
0	0	0
0	0	0
0	0	0
0	0	0
0	0	0
0	0	0
0	0	0
0	0	0
0	0	0
0	0	0
0	0	0
0	0	0
0	0	0
0	0	0
0	0	0
0	0	0
0	0	0
0	0	0
0	0	0
0	0	0
0	0	0
0	0	0
0	0	0
0	0	0
0	0	0
0	0	0
0	0	0
0	0	0
0	0	0
0	0	0
0	0	0
0	0	0
0	0	0
0	0	0
0	0	0
0	0	0
0	0	0
0	0	0
0	0	0
0	0	0
0	0	0
0	0	0
0	0	0
0	0	0
0	0	0
0	0	0
0	0	0
0	0	0
0	0	0
0	0	0
0	0	0
0	0	0
0	0	0
0	0	0
0	0	0
0	0	0
0	0	0
0	0	0
0	0	0
0	0	0
0	0	0
0	0	0
0	0	0
0	0	0
0	0	0
0	0	0
0	0	0
0	0	0
0	0	0
0	0	0
0	0	0
0	0	0
0	0	0
0	0	0
0	0	0
0	0	0
0	0	0
0	0	0
0	0	0
0	0	0
0	0	0
0	0	0
0	0	0
0	0	0
0	0	0
0	0	0
0	0	0
0	0	0
0	0	0
0	0	0
0	0	0
0	0	0
0	0	0
0	0	0
0	0	0
0	0	0
0	0	0
0	0	0
0	0	0
0	0	0
0	0	0
0	0	0
0	0	0
0	0	0
0	0	0
0	0	0
0	0	0
0	0	0
0	0	0
0	0	0
0	0	0
0	0	0
0	0	0
0	0	0
0	0	0
0	0	0
0	0	0
0	0	0
0	0	0
0	0	0
0	0	0
0	0	0
0	0	0
0	0	0
0	0	0
0	0	0
0	0	0
0	0	0
0	0	0
0	0	0
0	0	0
0	0	0
0	0	0
0	0	0
0	0	0
0	0	0
0	0	0
0	0	0
0	0	0
0	0	0
0	0	0
0	0	0
0	0	0
0	0	0
0	0	0
0	0	0
0	0	0
0	0	0
0	0	0
0	0	0
0	0	0
0	0	0
0	0	0
0	0	0
0	0	0
0	0	0
0	0	0
0	0	0
0	0	0
0	0	0
0	0	0
0	0	0
0	0	0
0	0	0
0	0	0
0	0	0
0	0	0
0	0	0
0	0	0
0	0	0
0	0	0
0	0	0
0	0	0
0	0	0
0	0	0
0	0	0
0	0	0
0	0	0
0	0	0
0	0	0
0	0	0
0	0	0
0	0	0
0	0	0
0	0	0
0	0	0
0	0	0
0	0	0
0	0	0
0	0	0
0	0	0
0	0	0
0	0	0
0	0	0
0	0	0
0	0	0
0	0	0
0	0	0
0	0	0
0	0	0
0	0	0
0	0	0
0	0	0
0	0	0
0	0	0
0	0	0
0	0	0
0	0	0
0	0	0
0	0	0
0	0	0
0	0	0
0	0	0
0	0	0
0	0	0
0	0	0
0	0	0
0	0	0
0	0	0
0	0	0
0	0	0
0	0	0
0	0	0
0	0	0
0	0	0
0	0	0
0	0	0
0	0	0
0	0	0
0	0	0
0	0	0
0	0	0
0	0	0
0	0	0
0	0	0
0	0	0
0	0	0
0	0	0
0	0	0
0	0	0
0	0	0
0	0	0
0	0	0
0	0	0
0	0	0
0	0	0
0	0	0
0	0	0
0	0	0
0	0	0
0	0	0
0	0	0
0	0	0
0	0	0
0	0	0
0	0	0
0	0	0
0	0	0
0	0	0
0	0	0
0	0	0
0	0	0
0	0	0
0	0	0
0	0	0
0	0	0
0	0	0
0	0	0
0	0	0
0	0	0
0	0	0
0	0	0
0	0	0
0	0	0
0	0	0
0	0	0
0	0	0
0	0	0
0	0	0
0	0	0
0	0	0
0	0	0
0	0	0
0	0	0
0	0	0
0	0	0
0	0	0
0	0	0
0	0	0
0	0	0
0	0	0
0	0	0
0	0	0
0	0	0
0	0	0
0	0	0
0	0	0
0	0	0
0	0	0
0	0	0
0	0	0
0	0	0
0	0	0
0	0	0
0	0	0
0	0	0
0	0	0
0	0	0
0	0	0
0	0	0
0	0	0
0	0	0
0	0	0
0	0	0
0	0	0
0	0	0
0	0	0
0	0	0
0	0	0
0	0	0
0	0	0
0	0	0
0	0	0
0	0	0
0	0	0
0	0	0
0	0	0
0	0	0
0	0	0
0	0	0
0	0	0
0	0	0
0	0	0
0	0	0
0	0	0
0	0	0
0	0	0
0	0	0
0	0	0
0	0	0
0	0	0
0	0	0
0	0	0
0	0	0
0	0	0
0	0	0
0	0	0
0	0	0
0	0	0
0	0	0
0	0	0
0	0	0
0	0	0
0	0	0
0	0	0
0	0	0
0	0	0
0	0	0
0	0	0
0	0	0
0	0	0
0	0	0
0	0	0
0	0	0
0	0	0
0	0	0
0	0	0
0	0	0
0	0	0
0	0	0
0	0	0
0	0	0
0	0	0
0	0	0
0	0	0
0	0	0
0	0	0
0	0	0
0	0	0
0	0	0
0	0	0
0	0	0
0	0	0
0	0	0
0	0	0
0	0	0
0	0	0
0	0	0
0	0	0
0	0	0
0	0	0
0	0	0
0	0	0
0	0	0
0	0	0
0	0	0
0	0	0
0	0	0
0	0	0
0	0	0
0	0	0
0	0	0
0	0	0
0	0	0
0	0	0
0	0	0
0	0	0
0	0	0
0	0	0
0	0	0
0	0	0
0	0	0
0	0	0
0	0	0
0	0	0
0	0	0
0	0	0
0	0	0
0	0	0
0	0	0
0	0	0
0	0	0
0	0	0
0	0	0
0	0	0
0	0	0
0	0	0
0	0	0
0	0	0
0	0	0
0	0	0
0	0	0
0	0	0
0	0	0
0	0	0
0	0	0
0	0	0
0	0	0
0	0	0
0	0	0
0	0	0
0	0	0
0	0	0
0	0	0
0	0	0
0	0	0
0	0	0
0	0	0
0	0	0
0	0	0
0	0	0
0	0	0
0	0	0
0	0	0
0	0	0
0	0	0
0	0	0
0	0	0
0	0	0
0	0	0
0	0	0
0	0	0
0	0	0
0	0	0
0	0	0
0	0	0
0	0	0
0	0	0
0	0	0
0	0	0
0	0	0
0	0	0
0	0	0
0	0	0
0	0	0
0	0	0
0	0	0
0	0	0
0	0	0
0	0	0
0	0	0
0	0	0
0	0	0
0	0	0
0	0	0
0	0	0
0	0	0
